WELL,I,J,K,DEPTH,WGPR_cost,class_
BEGJPPP9,64,514,1,3273.85,0.0,0
BEGJPPP8,25,557,3,3914.32,0.0,0
BEGJPPP5,119,567,2,3936.94,0.0,0
BEGJPPP1,66,492,7,3290.86,12225.754443931655,2
BEGJPPP8,70,401,1,3282.62,35762.54370267114,2
BEGJPPP3,96,301,1,3477.94,0.0,0
BEGJPP9P,105,447,1,3611.33,0.0,0
BEGJPP99,29,445,1,3632.72,0.0,0
BEGJPP98,95,594,2,3847.91,0.0,0
BEGJPP95,115,148,1,3952.1,0.0,0
BEGJPP91,119,106,6,3856.6,0.0,0
QIGFPPP9,131,841,3,4061.54,0.0,0
BEGJPP88,129,292,81,4102.16,0.0,0
BEGJPP8P,53,376,123,3656.81,52293.96196711808,2
BEGJPP85,145,398,1,4217.44,0.0,0
BEGJPP92,104,341,2,3549.64,56664.837445259094,2
BEGJPP98,103,258,3,3639.21,93386.60582958162,2
BEGJPPP2,67,619,1,4039.45,0.0,0
BEGJPP81,13,466,1,4568.82,0.0,0
BEGJPP81,43,337,1,4105.56,0.0,0
BEGJPP82,26,585,1,4057.32,0.0,0
BEGJPP92,101,499,4,3629.16,40815.32693482563,2
BEGJPP91,68,556,1,3430.64,49567.92364060187,2
BEGJPP55,19,500,1,4116.54,0.0,0
BEGJPP83,118,529,3,3845.79,81683.61042810978,2
BEGJPP52,69,319,3,3354.89,36451.66325682402,2
BEGJPP82,49,475,8,3240.86,54445.33006347716,2
BEGJPP88,141,491,56,4108.47,0.0,0
BEGJPP93,107,650,102,4061.21,0.0,0
BEGJPP58,112,185,1,3947.89,61831.77310758084,2
BEGJPP5P,123,421,1,3777.02,89077.77055954188,2
BEGJPP51,120,49,114,4077.38,0.0,0
BEGJPP58,136,334,104,4233.65,0.0,0
BEGJPP11,61,393,1,3253.43,93867.65273278953,2
BEGJPP81,55,411,1,3220.07,60589.527695514254,2
BEGJPP51,42,423,1,3278.38,74719.23878157884,2
BEGJPP12,50,442,1,3242.12,65463.96465192735,2
BEGJPP11,50,459,1,3226.41,67415.14447113872,2
BEGJPP13,106,463,1,3639.81,52121.49609583988,2
BEGJPP85,65,434,213,3886.57,53394.628096418455,2
BEGJPP12,108,430,1,3617.59,5082.911945357919,2
BEGJPP8P,109,407,1,3623.93,47365.15799536557,2
BEGJPP83,83,290,317,4191.33,82461.85472207516,2
BEGJPP88,106,374,122,3747.44,56797.78963143378,2
BEGJPP89,106,391,95,3710.54,30871.237220615152,2
BEGJPP88,68,358,94,3467.65,60566.531535476446,2
BEGJPP82,74,333,1,3304.55,74595.86348059401,2
BEGJPP25,49,524,101,3384.5,37422.10390644521,2
BEGJPP21,51,540,96,3389.91,20134242.932396688,1
BEGJPP81,104,320,1,3575.72,67816.2724738121,2
BEGJPP2P,120,74,1,3861.07,22012.105426192284,2
BEGJPP82,102,276,1,3597.48,74779.14649578929,2
BEGJPP11,62,520,213,3802.2,60848.24095284939,2
BEGJPP18,105,482,1,3645.86,44770.51426838711,2
BEGJPP28,50,507,1,3239.51,66268.12939698994,2
BEGJPP29,49,492,1,3240.23,25675.01032586396,2
BEGJPP15,62,488,212,3805.03,69923.57252015173,2
BEGJPP1P,98,549,1,3683.13,46056.56704951824,2
BEGJPP22,51,571,1,3394.25,19990.8748931241,2
BEGJPP22,96,565,1,3720.36,19545.075426742438,2
BEGJPP19,100,531,1,3662.76,45876.521064542234,2
BEGJPP18,61,579,105,3623.0,3616.6067292345692,2
BEGJPP23,84,581,1,3727.78,28282.50916770333,2
BEGJPP12,95,454,212,4112.4,0.0,0
BEGJPP21,101,514,104,3757.97,2352.428189222087,0
BEGJPP11,123,725,2,4047.08,0.0,0
BEGJPP28,51,555,1,3313.44,70989.82642288506,2
BEGJPP12,120,125,2,3926.17,50072.64809308946,2
BEGJPP19,145,367,2,4219.96,0.0,0
BEGJPP1P,143,538,3,4125.63,0.0,0
BEGJPP18,59,299,3,4039.36,0.0,0
BEGJPP3P,20,483,1,4195.23,0.0,0
BEGJPP53,147,449,2,4196.62,0.0,0
BEGJPP39,91,272,1,3520.53,98383.11918565724,2
BEGJPP15,138,122,49,4133.36,0.0,0
BEGJPP52,34,391,2,4237.35,0.0,0
QIGFPPP2,126,856,2,4057.22,0.0,0
BEGJPP13,119,89,219,4440.77,0.0,0
BEGJ9P98,128,10,1,4155.33,0.0,0
BEGJP181,141,574,1,4176.36,0.0,0
BEGJ9PP9,116,168,212,4509.61,0.0,0
BEGJ9P9P,87,411,6,3432.59,0.0,0
BEGJ9PP8,131,311,3,3996.23,0.0,0
BEGJ1P9P,87,410,230,4070.42,0.0,0
BEGJ9P99,40,519,10,3321.08,0.0,0
BEGJ1P99,40,518,212,3848.52,0.0,0
BEGJP281,146,132,4,4190.46,0.0,0
BEGJ9PP5,118,604,1,3995.99,0.0,0
BEGJP218,144,186,2,4241.99,0.0,0
BEGJ9PP8,137,435,1,4043.6,0.0,0
BEGJP1P5,20,440,2,4345.7,0.0,0
BEGJP221,145,413,5,4198.12,0.0,0
BEGJP181,13,554,1,4182.33,0.0,0
BEGJP1P3,151,488,2,4187.03,0.0,0
BEGJ9PP1,43,599,1,3803.33,0.0,0
BEGJP1P8,147,453,1,4186.89,0.0,0
BEGJP288,101,153,4,4218.21,0.0,0
BEGJP282,144,162,5,4201.15,0.0,0
BEGJP232,37,384,5,4188.27,0.0,0
BEGJP111,39,618,5,4202.47,0.0,0
BEGJP211,139,210,9,4204.24,0.0,0
BEGJP19P,152,498,6,4209.88,0.0,0
BEGJP218,141,325,3,4184.69,0.0,0
BEGJP239,42,335,5,4208.15,0.0,0
BEGJP221,140,281,6,4206.03,0.0,0
BEGJ9PP1,80,276,1,3640.35,0.0,0
BEGJP228,141,266,4,4229.65,0.0,0
BEGJP193,152,524,5,4222.06,0.0,0
BEGJP188,14,543,7,4205.31,0.0,0
BEGJP1P1,149,464,11,4191.82,0.0,0
BEGJP238,40,357,14,4270.39,0.0,0
BEGJP288,149,105,9,4196.53,0.0,0
BEGJP223,142,297,3,4221.64,0.0,0
BEGJP182,11,568,4,4174.64,0.0,0
BEGJP225,71,270,3,4193.67,0.0,0
BEGJP225,27,410,10,4305.03,0.0,0
BEGJP2P5,106,19,6,4262.62,0.0,0
BEGJP215,92,207,6,4281.59,0.0,0
BEGJP281,97,180,7,4266.54,0.0,0
BEGJP1PP,147,430,16,4220.52,0.0,0
BEGJP18P,148,537,3,4198.55,0.0,0
BEGJP211,79,250,5,4266.46,0.0,0
BEGJ9PP2,45,391,1,3579.07,0.0,0
BEGJP285,98,126,5,4230.08,0.0,0
BEGJP198,153,513,6,4218.77,0.0,0
BEGJP21P,143,314,4,4238.92,0.0,0
BEGJP219,51,311,8,4142.34,0.0,0
BEGJP228,65,280,5,4236.9,0.0,0
BEGJP1P9,23,425,4,4253.42,0.0,0
BEGJP188,145,552,12,4201.75,0.0,0
BEGJP218,86,230,6,4267.55,0.0,0
BEGJP112,52,626,2,4225.31,0.0,0
BEGJP2P8,101,45,6,4287.57,0.0,0
BEGJP118,27,611,5,4212.39,0.0,0
BEGJP29P,157,68,5,4303.33,0.0,0
BEGJP1P8,22,457,3,4181.42,0.0,0
BEGJP188,83,656,1,4196.96,0.0,0
BEGJP211,142,336,7,4212.57,0.0,0
BEGJP215,45,322,8,4241.91,0.0,0
BEGJP11P,143,580,5,4201.88,0.0,0
BEGJP189,14,516,4,4232.39,0.0,0
BEGJP188,145,595,1,4219.09,0.0,0
BEGJP1P2,151,476,6,4189.96,0.0,0
BEGJP2P1,98,72,4,4227.29,0.0,0
BEGJP228,144,399,4,4204.24,0.0,0
BEGJP2P8,155,42,2,4292.45,0.0,0
BEGJP182,94,695,3,4326.15,0.0,0
BEGJP2P2,95,100,4,4228.85,0.0,0
BEGJP115,18,601,8,4134.03,0.0,0
BEGJP232,145,369,3,4214.92,0.0,0
BEGJP118,148,612,3,4237.19,0.0,0
BEGJP231,39,372,7,4242.73,0.0,0
BEGJP1P1,20,476,6,4238.5,0.0,0
BEGJP151,149,661,3,4230.21,0.0,0
BEGJP222,111,366,216,4301.3,0.0,0
BEGJP298,145,12,3,4278.06,0.0,0
BEGJP212,141,240,3,4250.59,0.0,0
BEGJP111,148,623,7,4231.07,0.0,0
BEGJP185,14,531,1,4215.83,0.0,0
BEGJP212,113,307,221,4320.11,0.0,0
BEGJP129,74,637,5,4258.41,0.0,0
BEGJP988,129,108,1,3933.4,106085.02056320012,2
BEGJ9P98,129,687,12,4087.76,0.0,0
BEGJP155,36,580,224,4249.74,0.0,0
BEGJP1P2,34,414,212,4378.54,0.0,0
BEGJP8PP,68,344,2,3322.25,180468.04984361024,2
BEGJP921,92,284,5,3474.45,171722.95530486107,2
BEGJP181,149,642,4,4229.44,0.0,0
BEGJP9P9,122,41,2,3961.71,105383.77708462627,2
BEGJP223,111,423,218,4273.49,0.0,0
BEGJP123,161,767,9,4250.53,0.0,0
BEGJP9P1,125,93,1,3831.74,98953.42521097511,2
BEGJ9PP3,124,777,1,4083.59,0.0,0
BEGJP159,27,498,212,4295.72,0.0,0
BEGJP233,144,391,1,4212.77,0.0,0
BEGJP911,110,216,3,3856.73,138880.12497243122,2
BEGJP8P1,70,364,1,3322.9,161136.2002890706,2
BEGJP593,120,503,2,3812.64,121949.01467523725,2
BEGJP918,113,226,1,3848.02,214806.0807495713,2
BEGJP122,163,722,5,4310.42,0.0,0
BEGJP923,110,303,1,3642.91,168245.84846939472,2
BEGJP9P5,125,52,1,3913.79,120354.79951699078,2
BEGJP921,81,303,10,3390.87,194258.82456630468,2
BEGJP989,115,98,2,3845.49,114441.59234623794,2
BEGJP5P8,47,453,5,3233.6,103435.2989102453,2
BEGJP8P3,112,367,3,3670.24,158129.575710617,2
BEGJP158,78,588,212,4289.84,0.0,0
BEGJP191,115,485,215,4313.26,0.0,0
BEGJP981,128,128,4,3986.13,95853.13557332754,2
BEGJP928,111,292,3,3679.22,149830.30789159238,2
BEGJP9P1,114,61,5,3979.16,81447.25614985079,2
BEGJP59P,50,467,4,3231.74,118455.9230312705,2
BEGJP912,107,234,3,3776.73,152134.43306852874,2
BEGJP122,100,771,2,4201.61,0.0,0
BEGJP91P,81,309,6,3369.68,195486.52542425686,2
BEGJP913,104,245,2,3691.18,184070.8273486453,2
BEGJ9PP2,111,68,6,4000.88,0.0,0
BEGJP988,118,133,1,3940.2,91054.48415382206,2
BEGJP892,103,421,1,3566.35,30172.27767391503,2
BEGJP891,57,403,1,3237.52,163610.26165890697,2
BEGJP588,48,429,2,3231.67,126063.68036067484,2
BEGJP911,109,240,2,3766.74,168475.91442853212,2
BEGJP228,53,326,224,4314.35,0.0,0
BEGJP15P,107,537,214,4293.81,0.0,0
BEGJP911,80,319,3,3336.82,194954.23761812862,2
BEGJP922,99,286,8,3547.14,161655.18669025414,2
BEGJP5P2,44,461,7,3234.9,133844.11925390366,2
BEGJP5P5,115,439,4,3711.86,132827.8818617463,2
BEGJP9P2,122,69,1,3851.19,110131.6130232811,2
BEGJP981,123,169,1,3929.58,131847.9220856428,2
BEGJP133,154,849,9,4235.14,0.0,0
BEGJP913,69,327,3,3316.12,183173.43410889804,2
BEGJP8P2,114,379,1,3687.9,162631.16178542376,2
BEGJP922,104,298,7,3580.03,66076.93300670385,2
BEGJP8P9,110,339,6,3640.79,195021.23323172328,2
BEGJP912,108,251,5,3717.91,200857.2803904637,2
BEGJP982,123,142,2,3956.46,114907.44658467176,2
BEGJP98P,97,263,2,3575.76,189861.1585894227,2
BEGJP5P1,48,436,4,3235.83,108614.44467003645,2
BEGJP98P,131,85,6,3895.01,107158.04801571368,2
BEGJP9P8,114,84,1,3894.76,98385.91460526736,2
BEGJP918,98,309,2,3497.52,139031.240574345,2
BEGJP8P2,66,351,1,3350.29,139347.25136354566,2
BEGJP1P2,117,536,2,3853.67,150465.578689754,2
BEGJP8P5,99,360,2,3513.6,122514.61939466,2
BEGJP919,113,315,1,3677.32,171611.90396311381,2
BEGJP132,162,808,3,4271.51,0.0,0
BEGJP892,99,384,3,3516.12,88362.31063698977,2
BEGJP198,101,569,3,3784.69,67160.04332189263,2
BEGJP891,115,403,2,3691.26,115188.28473958373,2
BEGJP8P8,97,346,5,3484.07,131048.60013934225,2
BEGJP8P8,107,598,5,3911.7,152217.73584007472,2
BEGJP193,30,526,7,3600.06,64124.430330384064,2
BEGJP8P9,95,590,1,3828.03,75984.56872343272,2
BEGJP983,117,163,1,3912.45,119021.71236639473,2
BEGJP915,99,323,3,3507.29,162684.73701648612,2
BEGJP131,103,822,2,4230.78,0.0,0
BEGJP582,45,444,2,3243.39,107604.16235874408,2
BEGJP895,101,397,3,3537.47,84796.7084890753,2
BEGJP89P,72,369,3,3312.98,82819.97136268951,2
BEGJP599,44,477,1,3250.77,92005.52646423133,2
BEGJP918,133,68,5,3926.46,105048.25473943351,2
BEGJP8P8,109,351,1,3626.66,177005.44315442446,2
BEGJP192,108,585,2,3893.95,102559.33224097641,2
BEGJP8P1,48,589,3,3577.0,54253.001578114934,2
BEGJP893,115,428,2,3684.44,123837.05123716591,2
BEGJP889,65,387,1,3261.48,154395.53573536873,2
BEGJP198,40,559,4,3417.27,115328.25798863545,2
BEGJP19P,41,533,1,3323.83,33755.00442534685,2
BEGJP18P,96,581,2,3798.79,25168.216341876425,2
BEGJP888,78,376,212,3963.86,14755.953726261852,2
BEGJP918,112,328,3,3661.73,168688.64634730667,2
BEGJP88P,113,415,1,3659.46,134552.9666596651,2
BEGJP898,115,392,3,3697.47,141180.73780345914,2
BEGJP1P3,108,560,2,3817.53,127333.05578923224,2
BEGJP195,47,565,1,3370.95,123479.27380287836,2
BEGJP911,99,333,3,3513.07,161923.00827360153,2
BEGJP595,115,463,1,3740.12,142321.35917431116,2
BEGJP1P9,45,493,6,3261.28,95462.81672149547,2
BEGJP895,109,619,4,3937.01,88872.81139634551,2
BEGJP191,107,576,4,3858.86,125160.04289758205,2
BEGJP891,106,631,3,3944.44,102878.84335382283,2
BEGJP89P,88,610,4,3913.26,72699.10646368058,2
BEGJP985,115,109,3,3856.66,119098.17696476725,2
BEGJP598,47,485,7,3252.51,77017.75156592298,2
BEGJP898,102,413,3,3560.83,48933.22327552503,2
BEGJP929,120,185,4,3927.16,154789.21497490257,2
BEGJP899,108,608,7,3940.43,108002.1266818568,2
BEGJP898,100,614,6,3914.5,87915.67135475576,2
BEGJP591,101,471,3,3584.08,53534.784529125085,2
BEGJP899,71,377,4,3285.67,116266.96146532893,2
BEGJP199,42,550,2,3324.41,120808.7166693788,2
BEGJP1P1,95,555,5,3696.33,36640.96194151044,2
BEGJP912,80,336,288,4027.82,655191.7428740636,2
BEGJP585,114,476,3,3739.47,150807.57946255806,2
BEGJP1P8,113,548,3,3831.86,150034.75019654632,2
BEGJP892,112,654,4,3957.85,177897.72583406558,2
BEGJP5P9,101,437,1,3570.3,54239.497204355896,2
BEGJP8P1,84,599,1,3842.08,68352.97173025088,2
BEGJP885,76,392,215,3938.53,20067.1846902743,2
BEGJP891,58,529,217,3788.58,98932.7790036453,2
BEGJP928,108,268,4,3680.58,174180.3671315799,2
BEGJP588,59,453,212,3839.59,103147.3871962526,2
BEGJP925,108,278,3,3667.68,163051.13051284105,2
BEGJP1P8,95,524,2,3588.76,45397.448853321366,2
BEGJP5P1,114,452,4,3713.99,143972.416736722,2
BEGJP1P5,99,537,5,3676.7,49257.89642228187,2
BEGJP192,46,469,219,3787.33,67750.48675294966,2
BEGJP8PP,68,597,3,3747.4,29766.831769600518,2
BEGJP589,59,426,216,3844.71,24759.202611786317,2
BEGJP581,112,485,5,3724.34,134569.8420792222,2
BEGJP592,115,495,3,3766.05,130123.79168072346,2
BEGJP829,119,699,12,4033.11,158016.80498847365,2
BEGJP188,57,495,215,3782.01,21316.469562761486,2
BEGJP598,100,489,3,3600.03,55881.18156845868,2
BEGJP881,64,413,213,3876.58,66053.88557176293,2
BEGJP5P2,111,445,1,3679.1,100660.76770628989,2
BEGJP932,115,359,4,3708.9,165208.66156443677,2
BEGJP88P,62,541,215,3837.03,82420.1985462904,2
BEGJP819,125,729,15,4077.31,165783.4760534335,2
BEGJP5P8,52,419,5,3219.57,145691.76070656627,2
BEGJP5P3,103,457,4,3613.14,51668.94778844714,2
BEGJP189,59,442,213,3850.07,59955.75910107793,2
BEGJP592,100,506,3,3623.74,4620.7536604673805,2
BEGJP238,142,348,6,4188.92,0.0,0
BEGJP818,122,760,19,4093.52,145211.2926993817,2
BEGJP815,126,822,21,4058.08,55508.6472456567,2
BEGJP192,10,574,16,4159.12,0.0,0
BEGJP191,95,429,4,3515.26,15944.435890291259,2
BEGJP1P2,95,405,3,3487.65,73943.3697264716,2
BEGJP1PP,118,518,2,3821.11,143941.40207849446,2
BEGJP1P1,115,511,2,3776.46,132452.95490801337,2
BEGJP8P2,54,480,1,3244.07,47410.37346773221,2
BEGJP812,59,594,1,3650.03,38935.16929790005,2
BEGJP818,126,788,13,4070.86,140930.62860672362,2
BEGJ9P95,57,370,116,3585.97,0.0,0
BEGJ1P95,58,369,212,4076.51,0.0,0
BEGJP12P,117,905,5,4205.64,0.0,0
BEGJP888,97,372,3,3497.9,95103.38991054149,2
BEGJP988,68,337,7,3315.19,61073.77198381723,2
BEGJP985,81,295,1,3422.56,87637.68725550175,2
BEGJP981,128,34,3,4001.38,83978.92589242011,2
BEGJP851,68,382,2,3271.18,66463.57852104306,2
BEGJP989,97,254,4,3623.72,101843.89263808727,2
BEGJP859,52,412,2,3224.62,98923.16997373848,2
BEGJP855,120,457,13,3794.08,72428.68275438249,2
BEGJP558,121,489,4,3819.12,70840.37133683264,2
BEGJP88P,95,259,11,3606.73,25198.138785801828,2
BEGJP55P,135,502,4,3985.47,12465.780481270776,2
BEGJP888,76,315,4,3341.24,42627.92720326223,2
BEGJP999,133,92,3,3933.54,54270.358646977686,2
BEGJP883,58,397,2,3249.83,74901.94384945929,2
BEGJP185,109,591,1,3920.72,8428.903147445177,2
BEGJP559,140,472,7,4039.39,2568.8108250502264,0
BEGJP15P,116,542,2,3846.25,35393.64660335431,2
BEGJP551,51,407,4,3242.87,20019.30004298548,2
BEGJP981,115,321,7,3713.38,42402.19097936154,2
BEGJP889,75,306,3,3393.87,28114.411595486104,2
BEGJP511,104,450,8,3614.48,9700.406438106203,2
BEGJP822,113,285,1,3722.45,49614.568930633024,2
BEGJP983,110,260,3,3721.4,111111.74913197756,2
BEGJP881,121,408,3,3775.46,52288.47721597925,2
BEGJP992,118,89,221,4455.49,19297.19183731079,2
BEGJP11P,136,528,10,4034.52,57999.86066877281,2
BEGJP982,116,385,3,3713.3,89024.96659883857,2
BEGJP99P,118,150,1,3936.4,24115.087017089125,2
BEGJP121,47,584,1,3528.36,30801.26426026225,2
BEGJP998,111,97,2,3902.64,43075.856370892376,2
BEGJP115,48,593,15,3637.34,7047.477642476559,2
BEGJP881,122,664,3,4014.95,85791.67611724138,2
BEGJP581,120,433,16,3764.55,30304.075355201963,2
BEGJP881,78,599,2,3827.23,53975.843952938914,2
BEGJP515,97,442,3,3538.96,19762.568614423275,2
BEGJP118,126,581,5,4065.67,57876.79030872883,2
BEGJP111,129,562,3,4041.41,44609.76344261345,2
BEGJP118,114,526,2,3799.6,24867.846409461934,2
BEGJP112,85,587,1,3774.62,4717.186596262865,2
BEGJP982,117,203,3,3916.93,100229.95628845693,2
BEGJP112,136,622,1,4113.03,5802.534772872925,2
BEGJP92P,119,167,4,3905.89,79526.40504525602,2
BEGJP119,134,546,11,4060.74,45104.188721490085,2
BEGJP182,99,511,19,3638.91,2468.823603823781,0
BEGJP12P,95,597,3,3863.63,143.10687771439552,0
BEGJP11P,68,587,26,3670.13,3031.7927053628955,0
BEGJP882,117,397,4,3721.99,47146.37813863903,2
BEGJP839,92,632,7,3976.37,14098.28819152154,2
BEGJP838,96,651,2,3956.01,26843.651738852266,2
BEGJP995,127,70,3,3868.88,19641.694590508934,2
BEGJP883,57,590,4,3584.39,75634.50921260567,2
BEGJP882,77,592,1,3769.92,48955.96980035305,2
BEGJP85P,113,625,3,3960.98,60834.228260765325,2
BEGJP859,107,667,7,3940.62,246929.83907935023,2
BEGJP511,104,467,10,3625.37,11192.759752349462,2
BEGJP111,115,555,1,3869.14,0.0,0
BEGJP513,54,392,5,3323.55,44232.773092594005,2
BEGJP512,46,426,3,3239.49,12874.182121492922,2
BEGJP18P,110,614,5,3942.19,2629.2501402199273,0
BEGJP951,111,118,36,3933.12,19269.323000824086,2
BEGJP91P,112,233,4,3814.32,76504.59813733933,2
BEGJP9P2,120,102,1,3834.76,59899.962397977724,2
BEGJP83P,129,637,9,4059.83,9233.506865212694,2
BEGJP888,119,641,3,3991.93,123863.37204699215,2
BEGJP889,94,609,5,3899.61,33087.445112288,2
BEGJP939,95,305,7,3485.63,22989.42607939244,2
BEGJP931,99,316,5,3522.21,44712.23641386628,2
BEGJP882,98,630,3,3939.55,72384.60770368855,2
BEGJP933,106,229,3,3792.1,89403.21107548475,2
BEGJP932,87,278,7,3504.2,93571.98199164867,2
BEGJP92P,108,246,1,3734.45,64193.36406621338,2
BEGJP818,103,648,4,3934.52,59948.396414477844,2
BEGJP928,115,344,2,3708.91,60446.37846174091,2
BEGJP925,102,240,4,3717.52,38044.93719549105,2
BEGJP921,94,292,1,3474.95,8624.788665890695,2
BEGJP928,115,297,3,3734.57,44384.38286855073,2
BEGJP522,117,470,1,3772.0,63116.06035542896,2
BEGJP9P3,123,87,1,3824.35,51656.46521990001,2
BEGJP811,129,853,8,4061.51,53139.39925427736,2
BEGJP813,84,608,2,3908.9,7595.831625580789,2
BEGJP199,153,506,1,4227.49,0.0,0
BEGJP295,108,81,221,4635.99,0.0,0
BEGJP291,138,59,221,4658.5,0.0,0
BEGJP21P,41,342,11,4228.58,0.0,0
BEGJP22P,20,482,1,4206.95,0.0,0
BEGJP929,94,269,11,3556.39,70386.3803434372,2
BEGJP222,30,467,212,4174.09,0.0,0
BEGJP882,83,431,235,4079.34,0.0,0
BEGJ9P92,36,484,20,3412.07,0.0,0
BEGJP129,94,560,5,3699.84,1797.8380284323941,0
BEGJP188,45,578,20,3501.92,17633.674871146686,2
BEGJP181,104,518,9,3688.03,0.0,0
BEGJP555,110,501,4,3722.4,6696.1002309024325,2
BEGJP852,56,575,224,3972.24,541.5595675893128,0
BEGJP552,139,443,7,4074.32,1649.789788417518,0
BEGJP553,138,459,5,4030.06,0.0,0
BEGJP888,87,298,1,3420.47,30573.490394999284,2
BEGJP991,124,63,229,4485.54,1630.3450145944953,0
BEGJ9P91,88,301,217,4043.5,0.0,0
BEGJP922,117,373,1,3728.03,19972.617600202557,2
BEGJP119,66,582,22,3600.65,8251.529384478927,2
BEGJP158,54,595,236,4203.36,0.0,0
BEGJP51P,135,484,9,3967.17,6008.844134166837,2
BEGJP128,95,574,3,3761.56,6970.199586033821,2
BEGJP113,96,585,4,3817.64,6135.517847299577,2
BEGJP183,106,526,22,3728.73,0.0,0
BEGJP938,114,333,1,3712.13,0.0,0
BEGJP951,118,101,237,4458.26,2177.758709937334,0
BEGJP518,137,428,16,4059.67,0.0,0
BEGJP952,115,105,241,4479.76,1832.129042401909,0
BEGJP182,99,542,11,3690.91,0.0,0
BEGJP831,114,709,17,4050.87,0.0,0
BEGJP153,100,554,243,4291.21,0.0,0
BEGJP853,52,409,226,3885.28,735.6831129640341,0
BEGJPP38,92,541,220,4147.96,0.0,0
BEGJP833,119,675,18,4016.86,0.0,0
BEGJP851,84,506,223,4019.26,1056.6885069012642,0
BEGJP923,95,340,5,3468.35,0.0,0
BEGJP993,122,83,232,4471.06,0.0,0
BEGJP292,138,86,212,4607.4,0.0,0
BEGJP9P8,134,50,1,3995.66,0.0,0
BEGJP991,128,142,6,3998.46,0.0,0
BEGJP998,125,71,231,4476.1,0.0,0
BEGJP813,72,549,232,3975.07,0.0,0
BEGJP58P,52,432,10,3241.66,0.0,0
BEGJP922,98,328,3,3500.26,0.0,0
BEGJP952,126,91,236,4462.29,0.0,0
BEGJ9P8P,131,64,212,4513.18,0.0,0
BEGJP935,85,304,3,3391.14,0.0,0
BEGJ9P88,124,515,9,3876.92,0.0,0
BEGJP588,48,415,1,3255.91,0.0,0
BEGJP885,69,322,3,3336.66,0.0,0
BEGJP231,108,472,255,4305.77,0.0,0
BEGJP182,41,540,4,3331.18,0.0,0
BEGJP518,101,476,4,3597.35,0.0,0
BEGJP552,44,448,6,3245.93,0.0,0
BEGJP831,129,652,25,4054.79,0.0,0
BEGJP838,129,708,24,4081.25,0.0,0
BEGJ9P85,123,448,1,3799.69,0.0,0
BEGJP81P,50,560,212,3854.44,0.0,0
BEGJP192,109,437,241,4298.78,0.0,0
BEGJP921,94,353,1,3460.68,10562.92203772068,2
BEGJP12P,29,527,212,4178.74,0.0,0
BEGJP51P,63,373,6,3340.21,0.0,0
BEGJP855,78,514,212,3924.1,0.0,0
BEGJP832,122,857,4,4069.67,0.0,0
BEGJP811,57,503,235,3801.65,0.0,0
BEGJP938,87,291,1,3451.3,0.0,0
BEGJP953,114,113,254,4502.68,0.0,0
BEGJP959,118,218,16,3925.83,0.0,0
BEGJP113,132,521,65,4048.69,0.0,0
BEGJP293,137,98,221,4620.49,0.0,0
BEGJP112,126,593,61,4121.44,0.0,0
BEGJP851,82,495,238,4027.06,0.0,0
BEGJP13P,128,554,45,4054.95,0.0,0
BEGJP181,111,450,235,4308.14,0.0,0
BEGJP152,105,511,218,4236.04,0.0,0
BEGJP298,113,57,212,4615.48,0.0,0
BEGJP151,109,386,246,4292.63,0.0,0
BEGJP519,93,393,15,3469.91,0.0,0
BEGJP229,34,391,6,4243.14,0.0,0
BEGJP111,131,512,56,3998.09,0.0,0
BEGJP82P,119,838,1,4050.63,0.0,0
BEGJP832,122,807,11,4052.58,0.0,0
BEGJP881,100,281,1,3564.92,0.0,0
BEGJP112,129,537,66,4061.3,0.0,0
BEGJP152,31,554,224,4221.9,0.0,0
BEGJP138,129,619,50,4119.65,0.0,0
BEGJP835,130,770,3,4097.73,0.0,0
BEGJP551,43,480,1,3280.18,0.0,0
BEGJP139,122,577,33,4056.0,0.0,0
BEGJP11P,132,419,63,4016.57,0.0,0
BEGJP825,133,834,1,4068.74,0.0,0
BEGJP128,40,554,27,3407.08,0.0,0
BEGJP889,84,481,212,4008.03,0.0,0
BEGJP135,131,501,1,3924.15,0.0,0
BEGJP955,130,58,1,3926.42,0.0,0
BEGJP512,95,495,1,3559.56,0.0,0
BEGJP118,132,445,57,3990.57,0.0,0
BEGJP852,60,461,217,3842.95,0.0,0
BEGJP118,55,577,1,3446.58,0.0,0
BEGJP852,78,445,223,3999.94,0.0,0
BEGJP883,60,347,1,3398.0,0.0,0
BEGJP882,93,380,2,3456.52,0.0,0
BEGJP82P,86,323,1,3372.51,0.0,0
BEGJP213,138,252,30,4198.62,0.0,0
BEGJP119,133,434,42,4014.96,0.0,0
BEGJP115,134,457,65,4037.0,0.0,0
BEGJP118,132,485,35,3965.56,0.0,0
BEGJP291,107,119,237,4588.37,0.0,0
BEGJP825,94,365,3,3468.53,0.0,0
BEGJP131,127,606,64,4137.72,0.0,0
BEGJ9P92,59,553,212,3861.29,0.0,0
BEGJ9P81,110,579,1,3895.6,0.0,0
BEGJ9P88,51,341,1,3642.39,0.0,0
BEGJ9P83,121,157,1,3933.43,0.0,0
BEGJP931,84,313,1,3370.45,0.0,0
BEGJP882,63,367,1,3356.66,0.0,0
BEGJ9P81,120,480,1,3798.85,0.0,0
BEGJP122,53,561,1,3349.18,0.0,0
BEGJP858,74,530,240,3920.85,0.0,0
BEGJP858,82,467,219,4007.33,0.0,0
BEGJP851,74,401,266,3989.73,0.0,0
BEGJP881,54,435,231,3857.4,0.0,0
BEGJP828,116,728,1,4045.5,0.0,0
BEGJP292,106,95,222,4613.44,0.0,0
BEGJP259,124,45,217,4552.03,0.0,0
BEGJP189,109,492,228,4296.9,0.0,0
BEGJP128,46,390,214,4217.98,0.0,0
BEGJP132,154,689,1,4213.21,0.0,0
BEGJP129,98,723,1,4255.38,0.0,0
BEGJP125,39,519,1,3329.26,0.0,0
