WELL,I,J,K,DEPTH,PROPERTY,COST,WWCT_cost,WOPR_cost,WSWP_cost,WGPR_cost,class_
BEGJPPP9,64,514,1,3273.85,WSWP,134531.82397460938,0.0,0.0,134531.82397460938,0.0,0
BEGJPPP8,25,557,3,3914.32,WSWP,169434.78259277347,0.0,0.0,169434.78259277347,0.0,0
BEGJPPP5,119,567,2,3936.94,WSWP,107097.39971923828,0.0,0.0,107097.39971923828,0.0,0
BEGJPPP1,66,492,7,3290.86,WSWP,85076.35009765625,977.6887283697723,55117.90965774655,85076.35009765625,12225.754443931655,2
BEGJPPP8,70,401,1,3282.62,WSWP,101833.5015258789,658.7086117941652,8316.720774292946,101833.5015258789,35762.54370267114,2
BEGJPPP3,96,301,1,3477.94,WSWP,110595.53717041016,0.0,0.0,110595.53717041016,0.0,0
BEGJPP9P,105,447,1,3611.33,WSWP,112415.94561767578,0.0,0.0,112415.94561767578,0.0,0
BEGJPP99,29,445,1,3632.72,WSWP,183155.9641113281,0.0,0.0,183155.9641113281,0.0,0
BEGJPP98,95,594,2,3847.91,WSWP,84721.92095947267,0.0,0.0,84721.92095947267,0.0,0
BEGJPP95,115,148,1,3952.1,WSWP,166356.392578125,0.0,0.0,166356.392578125,0.0,0
BEGJPP91,119,106,6,3856.6,WSWP,106375.89184570312,0.0,0.0,106375.89184570312,0.0,0
QIGFPPP9,131,841,3,4061.54,WSWP,188061.2283935547,0.0,0.0,188061.2283935547,0.0,0
BEGJPP88,129,292,81,4102.16,WSWP,186809.0318603516,0.0,0.0,186809.0318603516,0.0,0
BEGJPP8P,53,376,123,3656.81,WSWP,124751.64575195312,1105.3834522366524,25952.95173335076,124751.64575195312,52293.96196711808,2
BEGJPP85,145,398,1,4217.44,WSWP,243128.05078125,0.0,0.0,243128.05078125,0.0,0
BEGJPP92,104,341,2,3549.64,WSWP,98832.82208251953,725.2997811827809,32295.9966840744,98832.82208251953,56664.837445259094,2
BEGJPP98,103,258,3,3639.21,WSWP,117907.45764160155,688.5463277809323,30517.65850830078,117907.45764160155,93386.60582958162,2
BEGJPPP2,67,619,1,4039.45,WSWP,195000.3868408203,0.0,0.0,195000.3868408203,0.0,0
BEGJPP81,13,466,1,4568.82,WSWP,216595.22021484366,0.0,0.0,216595.22021484366,0.0,0
BEGJPP81,43,337,1,4105.56,WSWP,243581.6826171875,0.0,0.0,243581.6826171875,0.0,0
BEGJPP82,26,585,1,4057.32,WSWP,211303.23950195312,0.0,0.0,211303.23950195312,0.0,0
BEGJPP92,101,499,4,3629.16,WSWP,113447.90747070312,489.72766315937037,8380.663103699684,113447.90747070312,40815.32693482563,2
BEGJPP91,68,556,1,3430.64,WSWP,116301.48443603516,375.25969691574585,7756.4636154174805,116301.48443603516,49567.92364060187,2
BEGJPP55,19,500,1,4116.54,WSWP,225936.77099609372,0.0,0.0,225936.77099609372,0.0,0
BEGJPP83,118,529,3,3845.79,WSWP,76258.51654052733,945.5226872060448,36628.692623138435,76258.51654052733,81683.61042810978,2
BEGJPP52,69,319,3,3354.89,WSWP,52805.3447265625,104.0415834125597,6583.08250617981,52805.3447265625,36451.66325682402,2
BEGJPP82,49,475,8,3240.86,WSWP,118222.966796875,117.21121561841574,3699.1455688476562,118222.966796875,54445.33006347716,2
BEGJPP88,141,491,56,4108.47,WSWP,202348.28149414065,0.0,0.0,202348.28149414065,0.0,0
BEGJPP93,107,650,102,4061.21,WSWP,123472.9930419922,0.0,0.0,123472.9930419922,0.0,0
BEGJPP58,112,185,1,3947.89,WSWP,149024.53662109375,1256.2870851755142,61453.12023925781,149024.53662109375,61831.77310758084,2
BEGJPP5P,123,421,1,3777.02,WSWP,116333.77026367188,2178.276997094974,92751.07516527176,116333.77026367188,89077.77055954188,2
BEGJPP51,120,49,114,4077.38,WSWP,148705.57287597653,0.0,0.0,148705.57287597653,0.0,0
BEGJPP58,136,334,104,4233.65,WSWP,229428.5871582031,0.0,0.0,229428.5871582031,0.0,0
BEGJPP11,61,393,1,3253.43,WSWP,92237.85229492188,118.05549613386393,6332.035739213227,92237.85229492188,93867.65273278953,2
BEGJPP81,55,411,1,3220.07,WSWP,105497.97619628906,390.3371472315631,12299.674892127514,105497.97619628906,60589.527695514254,2
BEGJPP51,42,423,1,3278.38,WSWP,116875.25744628905,2158.2785264418926,113646.99889945984,116875.25744628905,74719.23878157884,2
BEGJPP12,50,442,1,3242.12,WSWP,119227.13134765625,746.300038933754,29014.350616455078,119227.13134765625,65463.96465192735,2
BEGJPP11,50,459,1,3226.41,WSWP,120417.5028076172,172.54929949715734,7406.13818359375,120417.5028076172,67415.14447113872,2
BEGJPP13,106,463,1,3639.81,WSWP,96556.3046875,607.4452138543129,14278.481087684631,96556.3046875,52121.49609583988,2
BEGJPP85,65,434,213,3886.57,WSWP,93659.33502197266,414.4035173133016,24044.773345947266,93659.33502197266,53394.628096418455,1
BEGJPP12,108,430,1,3617.59,WSWP,138319.33544921875,5110.251595258713,133321.966442585,138319.33544921875,5082.911945357919,2
BEGJPP8P,109,407,1,3623.93,WSWP,85069.32232666017,827.8795808491997,8373.064872980118,85069.32232666017,47365.15799536557,2
BEGJPP83,83,290,317,4191.33,WSWP,102126.69244384766,122.75192965031601,6813.129058837891,102126.69244384766,82461.85472207516,1
BEGJPP88,106,374,122,3747.44,WSWP,85014.52301025389,169.77746336720884,14603.466494083403,85014.52301025389,56797.78963143378,2
BEGJPP89,106,391,95,3710.54,WSWP,81506.90148925781,873.8141467534006,23069.99740633368,81506.90148925781,30871.237220615152,2
BEGJPP88,68,358,94,3467.65,WSWP,99859.66662597656,39.598135083913796,1168.0809936523438,99859.66662597656,60566.531535476446,2
BEGJPP82,74,333,1,3304.55,WSWP,105840.34545898438,1995.3905074037607,89603.96956539154,105840.34545898438,74595.86348059401,2
BEGJPP25,49,524,101,3384.5,WSWP,139201.53063964847,2018.3019899069327,49538.31168937684,139201.53063964847,37422.10390644521,2
BEGJPP21,51,540,96,3389.91,WSWP,125771.74377441405,652.1558560510166,8691.456126913428,125771.74377441405,20134242.932396688,1
BEGJPP81,104,320,1,3575.72,WSWP,98485.80688476562,82.66510697221383,3399.714630126953,98485.80688476562,67816.2724738121,2
BEGJPP2P,120,74,1,3861.07,WSWP,167583.77111816403,2210.8736206263948,82100.11041259767,167583.77111816403,22012.105426192284,2
BEGJPP82,102,276,1,3597.48,WSWP,110620.2759399414,174.5373732149601,5917.403717041016,110620.2759399414,74779.14649578929,2
BEGJPP11,62,520,213,3802.2,WSWP,114962.4268798828,530.0475228428842,19313.19931030273,114962.4268798828,60848.24095284939,1
BEGJPP18,105,482,1,3645.86,WSWP,92788.56506347656,35.60916377301328,817.8980255126953,92788.56506347656,44770.51426838711,2
BEGJPP28,50,507,1,3239.51,WSWP,127620.05651855467,296.9565004557371,4763.9543343782425,127620.05651855467,66268.12939698994,2
BEGJPP29,49,492,1,3240.23,WSWP,122792.751953125,21.51830056030303,453.7452392578125,122792.751953125,25675.01032586396,2
BEGJPP15,62,488,212,3805.03,WSWP,137982.333984375,268.05684903264046,3572.3524340987206,137982.333984375,69923.57252015173,1
BEGJPP1P,98,549,1,3683.13,WSWP,95520.8348388672,168.54082740831655,5919.824462890625,95520.8348388672,46056.56704951824,2
BEGJPP22,51,571,1,3394.25,WSWP,129720.18957519533,891.853429812938,1424.8799765408041,129720.18957519533,19990.8748931241,2
BEGJPP22,96,565,1,3720.36,WSWP,93797.61364746094,228.7607189398259,4108.348205566406,93797.61364746094,19545.075426742438,2
BEGJPP19,100,531,1,3662.76,WSWP,100121.07257080078,115.13788547960577,1525.6467530727386,100121.07257080078,45876.521064542234,2
BEGJPP18,61,579,105,3623.0,WSWP,119051.64031982422,1668.075615644455,114073.88500739074,119051.64031982422,3616.6067292345692,2
BEGJPP23,84,581,1,3727.78,WSWP,93418.169921875,859.0722994925453,3719.722782433033,93418.169921875,28282.50916770333,2
BEGJPP12,95,454,212,4112.4,WSWP,164678.94311523438,0.0,0.0,164678.94311523438,0.0,0
BEGJPP21,101,514,104,3757.97,WSWP,149810.25988769528,5477.626573801042,186446.39913536265,149810.25988769528,2352.428189222087,2
BEGJPP11,123,725,2,4047.08,WSWP,175915.76000976562,0.0,0.0,175915.76000976562,0.0,0
BEGJPP28,51,555,1,3313.44,WSWP,119121.2471923828,352.8789160747547,7777.4686369895935,119121.2471923828,70989.82642288506,2
BEGJPP12,120,125,2,3926.17,WSWP,74436.76983642577,225.8522567152977,12303.164306640625,74436.76983642577,50072.64809308946,2
BEGJPP19,145,367,2,4219.96,WSWP,263423.53173828125,0.0,0.0,263423.53173828125,0.0,0
BEGJPP1P,143,538,3,4125.63,WSWP,251915.21826171875,0.0,0.0,251915.21826171875,0.0,0
BEGJPP18,59,299,3,4039.36,WSWP,334975.30444335943,0.0,0.0,334975.30444335943,0.0,0
BEGJPP3P,20,483,1,4195.23,WSWP,263436.50048828125,0.0,0.0,263436.50048828125,0.0,0
BEGJPP53,147,449,2,4196.62,WSWP,248780.357421875,0.0,0.0,248780.357421875,0.0,0
BEGJPP39,91,272,1,3520.53,WSWP,116303.18200683595,883.4387355397922,45041.30098724365,116303.18200683595,98383.11918565724,2
BEGJPP15,138,122,49,4133.36,WSWP,174435.86828613278,0.0,0.0,174435.86828613278,0.0,0
BEGJPP52,34,391,2,4237.35,WSWP,252770.67431640625,0.0,0.0,252770.67431640625,0.0,0
QIGFPPP2,126,856,2,4057.22,WSWP,191274.57678222656,0.0,0.0,191274.57678222656,0.0,0
BEGJPP13,119,89,219,4440.77,WSWP,191292.3828125,0.0,0.0,191292.3828125,0.0,0
BEGJ9P98,128,10,1,4155.33,WSWP,229476.7216796875,0.0,0.0,229476.7216796875,0.0,0
BEGJP181,141,574,1,4176.36,WSWP,257304.08251953125,0.0,0.0,257304.08251953125,0.0,0
BEGJ9PP9,116,168,212,4509.61,WSWP,195854.0712890625,0.0,0.0,195854.0712890625,0.0,0
BEGJ9P9P,87,411,6,3432.59,WSWP,110348.74786376953,0.0,0.0,110348.74786376953,0.0,0
BEGJ9PP8,131,311,3,3996.23,WSWP,195474.78881835935,0.0,0.0,195474.78881835935,0.0,0
BEGJ1P9P,87,410,230,4070.42,WSWP,137809.99890136722,0.0,0.0,137809.99890136722,0.0,0
BEGJ9P99,40,519,10,3321.08,WSWP,142924.32446289062,0.0,0.0,142924.32446289062,0.0,0
BEGJ1P99,40,518,212,3848.52,WSWP,162886.57556152347,0.0,0.0,162886.57556152347,0.0,0
BEGJP281,146,132,4,4190.46,WSWP,203421.5009765625,0.0,0.0,203421.5009765625,0.0,0
BEGJ9PP5,118,604,1,3995.99,WSWP,131795.65710449222,0.0,0.0,131795.65710449222,0.0,0
BEGJP218,144,186,2,4241.99,WSWP,222588.5849609375,0.0,0.0,222588.5849609375,0.0,0
BEGJ9PP8,137,435,1,4043.6,WSWP,197814.56665039065,0.0,0.0,197814.56665039065,0.0,0
BEGJP1P5,20,440,2,4345.7,WSWP,228985.19189453125,0.0,0.0,228985.19189453125,0.0,0
BEGJP221,145,413,5,4198.12,WSWP,258076.91357421875,0.0,0.0,258076.91357421875,0.0,0
BEGJP181,13,554,1,4182.33,WSWP,294490.17651367193,0.0,0.0,294490.17651367193,0.0,0
BEGJP1P3,151,488,2,4187.03,WSWP,261317.1516113281,0.0,0.0,261317.1516113281,0.0,0
BEGJ9PP1,43,599,1,3803.33,WSWP,177434.13537597656,0.0,0.0,177434.13537597656,0.0,0
BEGJP1P8,147,453,1,4186.89,WSWP,289801.99169921875,0.0,0.0,289801.99169921875,0.0,0
BEGJP288,101,153,4,4218.21,WSWP,219933.16430664065,0.0,0.0,219933.16430664065,0.0,0
BEGJP282,144,162,5,4201.15,WSWP,218559.88940429688,0.0,0.0,218559.88940429688,0.0,0
BEGJP232,37,384,5,4188.27,WSWP,250826.392578125,0.0,0.0,250826.392578125,0.0,0
BEGJP111,39,618,5,4202.47,WSWP,277847.66967773443,0.0,0.0,277847.66967773443,0.0,0
BEGJP211,139,210,9,4204.24,WSWP,229351.28369140625,0.0,0.0,229351.28369140625,0.0,0
BEGJP19P,152,498,6,4209.88,WSWP,264719.810546875,0.0,0.0,264719.810546875,0.0,0
BEGJP218,141,325,3,4184.69,WSWP,250299.07421875,0.0,0.0,250299.07421875,0.0,0
BEGJP239,42,335,5,4208.15,WSWP,260384.6240234375,0.0,0.0,260384.6240234375,0.0,0
BEGJP221,140,281,6,4206.03,WSWP,244963.8544921875,0.0,0.0,244963.8544921875,0.0,0
BEGJ9PP1,80,276,1,3640.35,WSWP,156235.21264648438,0.0,0.0,156235.21264648438,0.0,0
BEGJP228,141,266,4,4229.65,WSWP,236208.5456542969,0.0,0.0,236208.5456542969,0.0,0
BEGJP193,152,524,5,4222.06,WSWP,271992.28588867193,0.0,0.0,271992.28588867193,0.0,0
BEGJP188,14,543,7,4205.31,WSWP,306900.09106445307,0.0,0.0,306900.09106445307,0.0,0
BEGJP1P1,149,464,11,4191.82,WSWP,307795.17016601557,0.0,0.0,307795.17016601557,0.0,0
BEGJP238,40,357,14,4270.39,WSWP,251309.9147949219,0.0,0.0,251309.9147949219,0.0,0
BEGJP288,149,105,9,4196.53,WSWP,204931.19555664065,0.0,0.0,204931.19555664065,0.0,0
BEGJP223,142,297,3,4221.64,WSWP,243847.2243652344,0.0,0.0,243847.2243652344,0.0,0
BEGJP182,11,568,4,4174.64,WSWP,238761.4421386719,0.0,0.0,238761.4421386719,0.0,0
BEGJP225,71,270,3,4193.67,WSWP,244716.8720703125,0.0,0.0,244716.8720703125,0.0,0
BEGJP225,27,410,10,4305.03,WSWP,255554.9499511719,0.0,0.0,255554.9499511719,0.0,0
BEGJP2P5,106,19,6,4262.62,WSWP,209057.21435546875,0.0,0.0,209057.21435546875,0.0,0
BEGJP215,92,207,6,4281.59,WSWP,224363.97314453125,0.0,0.0,224363.97314453125,0.0,0
BEGJP281,97,180,7,4266.54,WSWP,216342.173828125,0.0,0.0,216342.173828125,0.0,0
BEGJP1PP,147,430,16,4220.52,WSWP,257782.7238769531,0.0,0.0,257782.7238769531,0.0,0
BEGJP18P,148,537,3,4198.55,WSWP,269133.26489257807,0.0,0.0,269133.26489257807,0.0,0
BEGJP211,79,250,5,4266.46,WSWP,233944.595703125,0.0,0.0,233944.595703125,0.0,0
BEGJ9PP2,45,391,1,3579.07,WSWP,147151.08618164062,0.0,0.0,147151.08618164062,0.0,0
BEGJP285,98,126,5,4230.08,WSWP,220108.60278320312,0.0,0.0,220108.60278320312,0.0,0
BEGJP198,153,513,6,4218.77,WSWP,271646.58715820307,0.0,0.0,271646.58715820307,0.0,0
BEGJP21P,143,314,4,4238.92,WSWP,245984.42626953125,0.0,0.0,245984.42626953125,0.0,0
BEGJP219,51,311,8,4142.34,WSWP,283376.75439453125,0.0,0.0,283376.75439453125,0.0,0
BEGJP228,65,280,5,4236.9,WSWP,256937.43701171875,0.0,0.0,256937.43701171875,0.0,0
BEGJP1P9,23,425,4,4253.42,WSWP,253184.77758789065,0.0,0.0,253184.77758789065,0.0,0
BEGJP188,145,552,12,4201.75,WSWP,259003.15087890625,0.0,0.0,259003.15087890625,0.0,0
BEGJP218,86,230,6,4267.55,WSWP,233738.95849609372,0.0,0.0,233738.95849609372,0.0,0
BEGJP112,52,626,2,4225.31,WSWP,310463.22241210943,0.0,0.0,310463.22241210943,0.0,0
BEGJP2P8,101,45,6,4287.57,WSWP,211586.6037597656,0.0,0.0,211586.6037597656,0.0,0
BEGJP118,27,611,5,4212.39,WSWP,257379.89599609372,0.0,0.0,257379.89599609372,0.0,0
BEGJP29P,157,68,5,4303.33,WSWP,201103.923828125,0.0,0.0,201103.923828125,0.0,0
BEGJP1P8,22,457,3,4181.42,WSWP,226577.7468261719,0.0,0.0,226577.7468261719,0.0,0
BEGJP188,83,656,1,4196.96,WSWP,322395.59594726557,0.0,0.0,322395.59594726557,0.0,0
BEGJP211,142,336,7,4212.57,WSWP,254225.7316894531,0.0,0.0,254225.7316894531,0.0,0
BEGJP215,45,322,8,4241.91,WSWP,264264.49243164057,0.0,0.0,264264.49243164057,0.0,0
BEGJP11P,143,580,5,4201.88,WSWP,254691.4040527344,0.0,0.0,254691.4040527344,0.0,0
BEGJP189,14,516,4,4232.39,WSWP,264845.14331054693,0.0,0.0,264845.14331054693,0.0,0
BEGJP188,145,595,1,4219.09,WSWP,251980.06494140625,0.0,0.0,251980.06494140625,0.0,0
BEGJP1P2,151,476,6,4189.96,WSWP,279361.8720703125,0.0,0.0,279361.8720703125,0.0,0
BEGJP2P1,98,72,4,4227.29,WSWP,201045.44165039065,0.0,0.0,201045.44165039065,0.0,0
BEGJP228,144,399,4,4204.24,WSWP,268045.6328125,0.0,0.0,268045.6328125,0.0,0
BEGJP2P8,155,42,2,4292.45,WSWP,205622.8352050781,0.0,0.0,205622.8352050781,0.0,0
BEGJP182,94,695,3,4326.15,WSWP,213027.93383789065,0.0,0.0,213027.93383789065,0.0,0
BEGJP2P2,95,100,4,4228.85,WSWP,209473.14868164065,0.0,0.0,209473.14868164065,0.0,0
BEGJP115,18,601,8,4134.03,WSWP,248408.091796875,0.0,0.0,248408.091796875,0.0,0
BEGJP232,145,369,3,4214.92,WSWP,254958.6857910156,0.0,0.0,254958.6857910156,0.0,0
BEGJP118,148,612,3,4237.19,WSWP,269719.8530273437,0.0,0.0,269719.8530273437,0.0,0
BEGJP231,39,372,7,4242.73,WSWP,245212.5163574219,0.0,0.0,245212.5163574219,0.0,0
BEGJP1P1,20,476,6,4238.5,WSWP,258489.4833984375,0.0,0.0,258489.4833984375,0.0,0
BEGJP151,149,661,3,4230.21,WSWP,218691.9562988281,0.0,0.0,218691.9562988281,0.0,0
BEGJP222,111,366,216,4301.3,WSWP,154187.93505859375,0.0,0.0,154187.93505859375,0.0,0
BEGJP298,145,12,3,4278.06,WSWP,215778.92651367188,0.0,0.0,215778.92651367188,0.0,0
BEGJP212,141,240,3,4250.59,WSWP,236152.5866699219,0.0,0.0,236152.5866699219,0.0,0
BEGJP111,148,623,7,4231.07,WSWP,248426.09228515625,0.0,0.0,248426.09228515625,0.0,0
BEGJP185,14,531,1,4215.83,WSWP,271102.08056640625,0.0,0.0,271102.08056640625,0.0,0
BEGJP212,113,307,221,4320.11,WSWP,145690.92651367188,0.0,0.0,145690.92651367188,0.0,0
BEGJP129,74,637,5,4258.41,WSWP,297218.04565429693,0.0,0.0,297218.04565429693,0.0,0
BEGJP988,129,108,1,3933.4,WSWP,105463.7120361328,123.26696682814509,9358.907836914062,105463.7120361328,106085.02056320012,2
BEGJ9P98,129,687,12,4087.76,WSWP,180026.33374023438,0.0,0.0,180026.33374023438,0.0,0
BEGJP155,36,580,224,4249.74,WSWP,174026.19738769528,0.0,0.0,174026.19738769528,0.0,0
BEGJP1P2,34,414,212,4378.54,WSWP,217064.4522705078,0.0,0.0,217064.4522705078,0.0,0
BEGJP8PP,68,344,2,3322.25,WSWP,116573.73071289062,1811.2497018827123,161894.04588907954,116573.73071289062,180468.04984361024,2
BEGJP921,92,284,5,3474.45,WSWP,109003.16088867188,132.78289050716558,7608.766845703125,109003.16088867188,171722.95530486107,2
BEGJP181,149,642,4,4229.44,WSWP,233458.5888671875,0.0,0.0,233458.5888671875,0.0,0
BEGJP9P9,122,41,2,3961.71,WSWP,136179.59948730472,2209.5111856521107,180459.6134033203,136179.59948730472,105383.77708462627,2
BEGJP223,111,423,218,4273.49,WSWP,160836.66381835938,0.0,0.0,160836.66381835938,0.0,0
BEGJP123,161,767,9,4250.53,WSWP,208507.95751953125,0.0,0.0,208507.95751953125,0.0,0
BEGJP9P1,125,93,1,3831.74,WSWP,111359.1675415039,288.09950820379885,18025.62438964844,111359.1675415039,98953.42521097511,2
BEGJ9PP3,124,777,1,4083.59,WSWP,178235.22814941406,0.0,0.0,178235.22814941406,0.0,0
BEGJP159,27,498,212,4295.72,WSWP,216159.81506347656,0.0,0.0,216159.81506347656,0.0,0
BEGJP233,144,391,1,4212.77,WSWP,256748.56201171875,0.0,0.0,256748.56201171875,0.0,0
BEGJP911,110,216,3,3856.73,WSWP,150358.75415039062,166.86574719945204,9820.276882171629,150358.75415039062,138880.12497243122,2
BEGJP8P1,70,364,1,3322.9,WSWP,94031.56018066406,134.10348304238872,10260.704833984377,94031.56018066406,161136.2002890706,2
BEGJP593,120,503,2,3812.64,WSWP,90569.9214477539,2477.900305545656,140843.0918315649,90569.9214477539,121949.01467523725,2
BEGJP918,113,226,1,3848.02,WSWP,135827.30053710938,1458.962443392258,157499.19799804688,135827.30053710938,214806.0807495713,2
BEGJP122,163,722,5,4310.42,WSWP,205987.13549804688,0.0,0.0,205987.13549804688,0.0,0
BEGJP923,110,303,1,3642.91,WSWP,133923.24060058597,1556.127373351483,110000.85978412627,133923.24060058597,168245.84846939472,2
BEGJP9P5,125,52,1,3913.79,WSWP,117670.47631835938,139.33244741428643,11070.175373077393,117670.47631835938,120354.79951699078,2
BEGJP921,81,303,10,3390.87,WSWP,96176.35711669922,141.27467575157058,12020.7783203125,96176.35711669922,194258.82456630468,2
BEGJP989,115,98,2,3845.49,WSWP,116200.12707519533,511.413262022892,54700.690673828125,116200.12707519533,114441.59234623794,2
BEGJP5P8,47,453,5,3233.6,WSWP,132730.77111816403,1650.3219069581244,104118.29146385193,132730.77111816403,103435.2989102453,2
BEGJP8P3,112,367,3,3670.24,WSWP,91115.2904663086,1754.6096536696427,130279.07453918456,91115.2904663086,158129.575710617,2
BEGJP158,78,588,212,4289.84,WSWP,174653.9208984375,0.0,0.0,174653.9208984375,0.0,0
BEGJP191,115,485,215,4313.26,WSWP,85831.59509277344,0.0,0.0,85831.59509277344,0.0,0
BEGJP981,128,128,4,3986.13,WSWP,115619.9496459961,580.3902310950216,57329.09460449219,115619.9496459961,95853.13557332754,2
BEGJP928,111,292,3,3679.22,WSWP,128827.20947265625,1999.6401469269765,187467.17786312106,128827.20947265625,149830.30789159238,2
BEGJP9P1,114,61,5,3979.16,WSWP,149191.72424316403,1218.839228779776,104073.6118645668,149191.72424316403,81447.25614985079,2
BEGJP59P,50,467,4,3231.74,WSWP,117497.41357421875,195.8725377809024,16158.056483268738,117497.41357421875,118455.9230312705,2
BEGJP912,107,234,3,3776.73,WSWP,130374.7421875,609.6340266517362,40271.84062349796,130374.7421875,152134.43306852874,2
BEGJP122,100,771,2,4201.61,WSWP,201319.2062988281,0.0,0.0,201319.2062988281,0.0,0
BEGJP91P,81,309,6,3369.68,WSWP,95325.8253173828,100.810362551827,10694.830810546877,95325.8253173828,195486.52542425686,2
BEGJP913,104,245,2,3691.18,WSWP,122572.451171875,218.84176404087341,12977.009436607359,122572.451171875,184070.8273486453,2
BEGJ9PP2,111,68,6,4000.88,WSWP,168900.13012695312,0.0,0.0,168900.13012695312,0.0,0
BEGJP988,118,133,1,3940.2,WSWP,120681.39379882812,1222.8470027437434,98921.10583496094,120681.39379882812,91054.48415382206,2
BEGJP892,103,421,1,3566.35,WSWP,119230.25427246095,644.7939681303687,10206.555063247679,119230.25427246095,30172.27767391503,2
BEGJP891,57,403,1,3237.52,WSWP,103975.8656616211,159.5635998332291,12403.416748046875,103975.8656616211,163610.26165890697,2
BEGJP588,48,429,2,3231.67,WSWP,112482.27349853516,2791.9092306233947,244725.43951988211,112482.27349853516,126063.68036067484,2
BEGJP911,109,240,2,3766.74,WSWP,126470.20544433595,465.33560358145036,51720.54016113281,126470.20544433595,168475.91442853212,2
BEGJP228,53,326,224,4314.35,WSWP,72379.83898925781,0.0,0.0,72379.83898925781,0.0,0
BEGJP15P,107,537,214,4293.81,WSWP,170863.39599609375,0.0,0.0,170863.39599609375,0.0,0
BEGJP911,80,319,3,3336.82,WSWP,96319.7861328125,257.3243093714409,32909.218176364906,96319.7861328125,194954.23761812862,2
BEGJP922,99,286,8,3547.14,WSWP,109690.5576171875,260.07295711245393,18968.470344543457,109690.5576171875,161655.18669025414,2
BEGJP5P2,44,461,7,3234.9,WSWP,131215.65734863278,918.9830106523584,88262.58817672731,131215.65734863278,133844.11925390366,2
BEGJP5P5,115,439,4,3711.86,WSWP,119810.77252197266,1083.7905997706114,61607.6024017334,119810.77252197266,132827.8818617463,2
BEGJP9P2,122,69,1,3851.19,WSWP,128099.24951171875,1904.172139071393,16843.503158330914,128099.24951171875,110131.6130232811,2
BEGJP981,123,169,1,3929.58,WSWP,128490.46997070312,179.60369830043055,20146.39990234375,128490.46997070312,131847.9220856428,2
BEGJP133,154,849,9,4235.14,WSWP,201743.84521484366,0.0,0.0,201743.84521484366,0.0,0
BEGJP913,69,327,3,3316.12,WSWP,118407.19647216795,1957.1360153200808,178789.94129943848,118407.19647216795,183173.43410889804,2
BEGJP8P2,114,379,1,3687.9,WSWP,92465.4468383789,1604.9827383926606,106908.3406829834,92465.4468383789,162631.16178542376,2
BEGJP922,104,298,7,3580.03,WSWP,125456.396484375,5061.114713609219,342040.7323870659,125456.396484375,66076.93300670385,2
BEGJP8P9,110,339,6,3640.79,WSWP,115715.89611816405,650.0648695313139,66881.50370335579,115715.89611816405,195021.23323172328,2
BEGJP912,108,251,5,3717.91,WSWP,121977.408203125,433.7136214898784,56600.36269378662,121977.408203125,200857.2803904637,2
BEGJP982,123,142,2,3956.46,WSWP,135911.95874023438,787.0502260448411,74311.53662109375,135911.95874023438,114907.44658467176,2
BEGJP98P,97,263,2,3575.76,WSWP,117926.69219970705,283.11291599509417,24304.509338378906,117926.69219970705,189861.1585894227,2
BEGJP5P1,48,436,4,3235.83,WSWP,124518.69775390625,1947.1580000279355,133288.86212158206,124518.69775390625,108614.44467003645,2
BEGJP98P,131,85,6,3895.01,WSWP,135450.82238769528,152.9690870794002,21733.5185546875,135450.82238769528,107158.04801571368,2
BEGJP9P8,114,84,1,3894.76,WSWP,137273.73095703125,2643.848354255548,179590.4803314209,137273.73095703125,98385.91460526736,2
BEGJP918,98,309,2,3497.52,WSWP,104407.47900390624,574.7553559136578,53722.2807006836,104407.47900390624,139031.240574345,2
BEGJP8P2,66,351,1,3350.29,WSWP,110920.33526611328,1869.9079193084617,135465.34714508054,110920.33526611328,139347.25136354566,2
BEGJP1P2,117,536,2,3853.67,WSWP,74605.78164672853,1274.6177256174851,66171.90354537964,74605.78164672853,150465.578689754,2
BEGJP8P5,99,360,2,3513.6,WSWP,106811.02362060547,582.0151928246487,50207.43826293945,106811.02362060547,122514.61939466,2
BEGJP919,113,315,1,3677.32,WSWP,133162.57763671875,911.8611808465796,110190.99403870106,133162.57763671875,171611.90396311381,2
BEGJP132,162,808,3,4271.51,WSWP,210075.18774414065,0.0,0.0,210075.18774414065,0.0,0
BEGJP892,99,384,3,3516.12,WSWP,84829.99676513673,753.3218360791216,5647.516813129187,84829.99676513673,88362.31063698977,2
BEGJP198,101,569,3,3784.69,WSWP,88340.4066772461,535.8360041833947,1287.1561226844788,88340.4066772461,67160.04332189263,2
BEGJP891,115,403,2,3691.26,WSWP,85253.97595214844,2030.7941711233,74729.13162010907,85253.97595214844,115188.28473958373,2
BEGJP8P8,97,346,5,3484.07,WSWP,100011.51934814453,206.78855801164173,12267.67638850212,100011.51934814453,131048.60013934225,2
BEGJP8P8,107,598,5,3911.7,WSWP,90627.55059814453,2009.3422338634266,194010.43649291992,90627.55059814453,152217.73584007472,2
BEGJP193,30,526,7,3600.06,WSWP,138741.18322753903,576.7891522873542,6320.502907037736,138741.18322753903,64124.430330384064,1
BEGJP8P9,95,590,1,3828.03,WSWP,78476.79229736327,677.4646350208204,12789.155293464659,78476.79229736327,75984.56872343272,2
BEGJP983,117,163,1,3912.45,WSWP,132663.08361816403,349.3089886181988,27256.03106689453,132663.08361816403,119021.71236639473,2
BEGJP915,99,323,3,3507.29,WSWP,100961.84051513672,515.1570546731818,37515.68633246422,100961.84051513672,162684.73701648612,2
BEGJP131,103,822,2,4230.78,WSWP,195233.3916015625,0.0,0.0,195233.3916015625,0.0,0
BEGJP582,45,444,2,3243.39,WSWP,138033.75390625,1737.3207752877645,91505.31523171069,138033.75390625,107604.16235874408,2
BEGJP895,101,397,3,3537.47,WSWP,80207.85308837889,204.68306787032643,14629.718017578125,80207.85308837889,84796.7084890753,2
BEGJP89P,72,369,3,3312.98,WSWP,91711.80993652344,623.0704234339064,30209.403408050537,91711.80993652344,82819.97136268951,2
BEGJP599,44,477,1,3250.77,WSWP,126820.06591796875,1128.3545128287515,21158.663871765137,126820.06591796875,92005.52646423133,2
BEGJP918,133,68,5,3926.46,WSWP,143237.81689453125,1013.030183994444,41049.59290623665,143237.81689453125,105048.25473943351,2
BEGJP8P8,109,351,1,3626.66,WSWP,106802.13134765624,1154.4180630375633,119111.18762207033,106802.13134765624,177005.44315442446,2
BEGJP192,108,585,2,3893.95,WSWP,76756.02276611327,1161.407743061427,23299.919029537592,76756.02276611327,102559.33224097641,2
BEGJP8P1,48,589,3,3577.0,WSWP,161983.85278320312,2735.4576695743813,167745.26475524902,161983.85278320312,54253.001578114934,2
BEGJP893,115,428,2,3684.44,WSWP,121989.79553222655,922.9697799934074,71965.76961898804,121989.79553222655,123837.05123716591,2
BEGJP889,65,387,1,3261.48,WSWP,91924.8334350586,427.5556478159269,12166.969057559969,91924.8334350586,154395.53573536873,2
BEGJP198,40,559,4,3417.27,WSWP,119166.4658203125,1095.5376348999853,27948.421892195944,119166.4658203125,115328.25798863545,2
BEGJP19P,41,533,1,3323.83,WSWP,135877.7763671875,604.9356932878728,34034.73248577118,135877.7763671875,33755.00442534685,2
BEGJP18P,96,581,2,3798.79,WSWP,86796.45855712889,136.75094444188292,2628.2340850830083,86796.45855712889,25168.216341876425,2
BEGJP888,78,376,212,3963.86,WSWP,139278.98681640625,197.9961692690849,7142.0570068359375,139278.98681640625,14755.953726261852,1
BEGJP918,112,328,3,3661.73,WSWP,127475.7412109375,1577.7105111561248,161588.5524597168,127475.7412109375,168688.64634730667,2
BEGJP88P,113,415,1,3659.46,WSWP,95328.55334472656,1337.157104077749,45955.564784765236,95328.55334472656,134552.9666596651,2
BEGJP898,115,392,3,3697.47,WSWP,90125.73706054688,482.9823376593413,37310.874612808235,90125.73706054688,141180.73780345914,2
BEGJP1P3,108,560,2,3817.53,WSWP,93506.09985351562,121.94459442398512,6759.3212890625,93506.09985351562,127333.05578923224,2
BEGJP195,47,565,1,3370.95,WSWP,120632.6085205078,885.0798794619623,9606.801764864476,120632.6085205078,123479.27380287836,2
BEGJP911,99,333,3,3513.07,WSWP,99760.6821899414,84.3326659006998,6380.45361328125,99760.6821899414,161923.00827360153,2
BEGJP595,115,463,1,3740.12,WSWP,96878.46411132812,485.0145036636386,23618.79949355125,96878.46411132812,142321.35917431116,2
BEGJP1P9,45,493,6,3261.28,WSWP,127763.24572753905,1140.0884900466772,4706.2406833171835,127763.24572753905,95462.81672149547,2
BEGJP895,109,619,4,3937.01,WSWP,90956.32110595703,2018.6451528642792,110396.3818283081,90956.32110595703,88872.81139634551,2
BEGJP191,107,576,4,3858.86,WSWP,83883.41369628906,1448.3759134681893,51843.28903627396,83883.41369628906,125160.04289758205,2
BEGJP891,106,631,3,3944.44,WSWP,82647.94458007812,1140.1087541580198,61833.08055305482,82647.94458007812,102878.84335382283,2
BEGJP89P,88,610,4,3913.26,WSWP,81863.75543212889,1895.150262490148,42257.13159589469,81863.75543212889,72699.10646368058,2
BEGJP985,115,109,3,3856.66,WSWP,89542.20166015625,510.1573540586978,64595.05004501343,89542.20166015625,119098.17696476725,2
BEGJP598,47,485,7,3252.51,WSWP,125146.38220214845,511.24913782288803,3923.858170092106,125146.38220214845,77017.75156592298,2
BEGJP898,102,413,3,3560.83,WSWP,98562.30688476562,255.15117470547557,4437.170639038086,98562.30688476562,48933.22327552503,2
BEGJP929,120,185,4,3927.16,WSWP,148633.83837890625,172.11795672919834,14144.393466949463,148633.83837890625,154789.21497490257,2
BEGJP899,108,608,7,3940.43,WSWP,93619.21728515624,138.32685386389494,6436.155258178711,93619.21728515624,108002.1266818568,2
BEGJP898,100,614,6,3914.5,WSWP,78115.56494140625,158.76386494701728,59797.2492980957,78115.56494140625,87915.67135475576,2
BEGJP591,101,471,3,3584.08,WSWP,95663.69122314453,143.8795295422897,1716.5299335718155,95663.69122314453,53534.784529125085,2
BEGJP899,71,377,4,3285.67,WSWP,90538.87017822266,104.84140385559294,4844.653262615204,90538.87017822266,116266.96146532893,2
BEGJP199,42,550,2,3324.41,WSWP,120289.65844726562,1412.8210635361609,7177.7827617526045,120289.65844726562,120808.7166693788,2
BEGJP1P1,95,555,5,3696.33,WSWP,96409.2398071289,23.113877921714447,1206.4173583984375,96409.2398071289,36640.96194151044,2
BEGJP912,80,336,288,4027.82,WSWP,92181.59051513672,2742.340126335621,105174.65081208943,92181.59051513672,655191.7428740636,1
BEGJP585,114,476,3,3739.47,WSWP,90469.75701904297,573.0472879068693,51362.17511367798,90469.75701904297,150807.57946255806,2
BEGJP1P8,113,548,3,3831.86,WSWP,93580.6547241211,1510.249124725582,88318.13086318971,93580.6547241211,150034.75019654632,2
BEGJP892,112,654,4,3957.85,WSWP,127757.48046875,3636.332757413387,235467.63418388373,127757.48046875,177897.72583406558,2
BEGJP5P9,101,437,1,3570.3,WSWP,118382.96301269533,865.9187713710126,22732.0605211258,118382.96301269533,54239.497204355896,2
BEGJP8P1,84,599,1,3842.08,WSWP,81727.44097900389,875.6722478445154,54567.57645322755,81727.44097900389,68352.97173025088,2
BEGJP885,76,392,215,3938.53,WSWP,142994.40173339847,121.23389014601707,1432.6311340332031,142994.40173339847,20067.1846902743,1
BEGJP891,58,529,217,3788.58,WSWP,140813.01354980472,493.77020740509033,7935.330689102411,140813.01354980472,98932.7790036453,1
BEGJP928,108,268,4,3680.58,WSWP,121794.67321777345,1767.861648715043,151741.2385160923,121794.67321777345,174180.3671315799,2
BEGJP588,59,453,212,3839.59,WSWP,138301.240234375,134.4979446474463,5831.352093696594,138301.240234375,103147.3871962526,1
BEGJP925,108,278,3,3667.68,WSWP,120068.66748046875,2297.8539765776372,165478.07719755173,120068.66748046875,163051.13051284105,2
BEGJP1P8,95,524,2,3588.76,WSWP,111234.37127685547,152.9893706488656,1949.2069072723389,111234.37127685547,45397.448853321366,2
BEGJP5P1,114,452,4,3713.99,WSWP,108365.23455810547,1741.5599378413754,120880.3613305092,108365.23455810547,143972.416736722,2
BEGJP1P5,99,537,5,3676.7,WSWP,98263.3046875,603.992239650921,12052.266840606928,98263.3046875,49257.89642228187,2
BEGJP192,46,469,219,3787.33,WSWP,147081.37609863278,794.6345738470552,29889.45542907715,147081.37609863278,67750.48675294966,1
BEGJP8PP,68,597,3,3747.4,WSWP,154361.36059570312,3753.090509593487,288951.75441670424,154361.36059570312,29766.831769600518,2
BEGJP589,59,426,216,3844.71,WSWP,119270.11053466795,320.06334602832794,6671.761536121368,119270.11053466795,24759.202611786317,1
BEGJP581,112,485,5,3724.34,WSWP,85569.50708007812,412.1559446586762,36815.86169433594,85569.50708007812,134569.8420792222,2
BEGJP592,115,495,3,3766.05,WSWP,86525.22576904298,2201.222611508798,128691.22357177734,86525.22576904298,130123.79168072346,2
BEGJP829,119,699,12,4033.11,WSWP,170656.43395996097,1783.8508914709091,113003.37149175256,170656.43395996097,158016.80498847365,2
BEGJP188,57,495,215,3782.01,WSWP,153427.05725097653,450.3338851928711,2973.6836358979344,153427.05725097653,21316.469562761486,1
BEGJP598,100,489,3,3600.03,WSWP,100643.74774169922,57.41081462753937,2090.1251831054688,100643.74774169922,55881.18156845868,2
BEGJP881,64,413,213,3876.58,WSWP,117759.20056152345,711.0483250319957,20792.535454154007,117759.20056152345,66053.88557176293,1
BEGJP5P2,111,445,1,3679.1,WSWP,110918.28759765624,127.2327736482257,5288.126647949219,110918.28759765624,100660.76770628989,2
BEGJP932,115,359,4,3708.9,WSWP,99279.36322021484,1080.9598951457883,107775.18947792053,99279.36322021484,165208.66156443677,2
BEGJP88P,62,541,215,3837.03,WSWP,166318.46655273438,1676.7836117446427,78123.58837890625,166318.46655273438,82420.1985462904,2
BEGJP819,125,729,15,4077.31,WSWP,174977.83374023438,2272.570755362511,107306.27911615373,174977.83374023438,165783.4760534335,2
BEGJP5P8,52,419,5,3219.57,WSWP,109838.28259277344,518.9873204425967,52397.91503202915,109838.28259277344,145691.76070656627,2
BEGJP5P3,103,457,4,3613.14,WSWP,102834.18084716797,32.72120509610977,1007.495147705078,102834.18084716797,51668.94778844714,2
BEGJP189,59,442,213,3850.07,WSWP,128363.60388183595,261.1215165574104,9915.014770507812,128363.60388183595,59955.75910107793,1
BEGJP592,100,506,3,3623.74,WSWP,150376.63610839847,7183.159878730774,267833.9678113775,150376.63610839847,4620.7536604673805,2
BEGJP238,142,348,6,4188.92,WSWP,261748.09619140625,0.0,0.0,261748.09619140625,0.0,0
BEGJP818,122,760,19,4093.52,WSWP,145471.33239746097,1657.2856653928754,90757.03569948672,145471.33239746097,145211.2926993817,2
BEGJP815,126,822,21,4058.08,WSWP,180592.44299316406,3756.865862846375,219022.34483408925,180592.44299316406,55508.6472456567,2
BEGJP192,10,574,16,4159.12,WSWP,229456.310546875,0.0,0.0,229456.310546875,0.0,0
BEGJP191,95,429,4,3515.26,WSWP,129524.58337402345,7599.26491876319,269205.0284012095,129524.58337402345,15944.435890291259,2
BEGJP1P2,95,405,3,3487.65,WSWP,90792.19500732422,510.4426161714364,23183.161376953125,90792.19500732422,73943.3697264716,2
BEGJP1PP,118,518,2,3821.11,WSWP,83514.30926513673,1862.2557850056326,113057.65494537355,83514.30926513673,143941.40207849446,2
BEGJP1P1,115,511,2,3776.46,WSWP,82488.39752197267,1600.4738433873279,122527.62176513672,82488.39752197267,132452.95490801337,2
BEGJP8P2,54,480,1,3244.07,WSWP,131128.81555175778,167.1231967683416,5107.86669921875,131128.81555175778,47410.37346773221,2
BEGJP812,59,594,1,3650.03,WSWP,155647.44775390625,4079.239653026336,279131.94577026373,155647.44775390625,38935.16929790005,2
BEGJP818,126,788,13,4070.86,WSWP,168456.57568359375,2491.4944270551205,106194.63292527199,168456.57568359375,140930.62860672362,2
BEGJ9P95,57,370,116,3585.97,WSWP,132977.28454589847,0.0,0.0,132977.28454589847,0.0,0
BEGJ1P95,58,369,212,4076.51,WSWP,166220.19250488278,0.0,0.0,166220.19250488278,0.0,0
BEGJP12P,117,905,5,4205.64,WSWP,206327.36743164065,0.0,0.0,206327.36743164065,0.0,0
BEGJP888,97,372,3,3497.9,WSWP,98177.78308105467,93.2889148539398,4294.61083984375,98177.78308105467,95103.38991054149,2
BEGJP988,68,337,7,3315.19,WSWP,99582.73815917967,2732.132541022205,140051.88713645935,99582.73815917967,61073.77198381723,2
BEGJP985,81,295,1,3422.56,WSWP,82549.79357910156,1117.6499154183548,18789.832656562332,82549.79357910156,87637.68725550175,2
BEGJP981,128,34,3,4001.38,WSWP,134207.78918457028,2385.784317747457,192810.24542236328,134207.78918457028,83978.92589242011,2
BEGJP851,68,382,2,3271.18,WSWP,57960.580749511726,5.553705594036728,3179.879725456238,57960.580749511726,66463.57852104306,2
BEGJP989,97,254,4,3623.72,WSWP,115647.32482910155,88.79860564775299,4552.374267578125,115647.32482910155,101843.89263808727,2
BEGJP859,52,412,2,3224.62,WSWP,100476.43530273438,1230.13014440774,95324.34559392928,100476.43530273438,98923.16997373848,2
BEGJP855,120,457,13,3794.08,WSWP,74587.77416992188,1147.5407378070522,118704.97717285155,74587.77416992188,72428.68275438249,2
BEGJP558,121,489,4,3819.12,WSWP,76999.39318847656,1778.4536573411897,106743.89557647704,76999.39318847656,70840.37133683264,2
BEGJP88P,95,259,11,3606.73,WSWP,38355.93603515625,692.6311149895192,45019.830963134766,38355.93603515625,25198.138785801828,2
BEGJP55P,135,502,4,3985.47,WSWP,60119.35595703125,1328.7591166496275,57383.8319041729,60119.35595703125,12465.780481270776,2
BEGJP888,76,315,4,3341.24,WSWP,29059.55499267578,0.5821263056714088,3077.449615478516,29059.55499267578,42627.92720326223,2
BEGJP999,133,92,3,3933.54,WSWP,71972.94604492188,582.2200618446805,5130.743903309107,71972.94604492188,54270.358646977686,2
BEGJP883,58,397,2,3249.83,WSWP,95115.982421875,136.14015363808718,8311.256493091583,95115.982421875,74901.94384945929,2
BEGJP185,109,591,1,3920.72,WSWP,26709.13217163086,78.4676327817142,2859.606689453125,26709.13217163086,8428.903147445177,2
BEGJP559,140,472,7,4039.39,WSWP,83117.57495117188,276.7620849609375,8561.783929275349,83117.57495117188,2568.8108250502264,2
BEGJP15P,116,542,2,3846.25,WSWP,27298.63836669922,1922.1404103362,97637.81431573632,27298.63836669922,35393.64660335431,2
BEGJP551,51,407,4,3242.87,WSWP,33914.46203613281,442.47845331043936,6962.376795768738,33914.46203613281,20019.30004298548,2
BEGJP981,115,321,7,3713.38,WSWP,94243.21752929688,519.3075055778027,18232.188720703125,94243.21752929688,42402.19097936154,2
BEGJP889,75,306,3,3393.87,WSWP,32179.750244140625,17.45671649137512,6253.6090710163135,32179.750244140625,28114.411595486104,2
BEGJP511,104,450,8,3614.48,WSWP,30844.974609375,356.2513207679149,658.052095413208,30844.974609375,9700.406438106203,2
BEGJP822,113,285,1,3722.45,WSWP,101789.6279296875,2564.4639007077785,84128.71938961744,101789.6279296875,49614.568930633024,2
BEGJP983,110,260,3,3721.4,WSWP,94839.10144042967,755.6833950714207,47321.39929199219,94839.10144042967,111111.74913197756,2
BEGJP881,121,408,3,3775.46,WSWP,39903.032775878906,1393.184086007066,62685.77763453871,39903.032775878906,52288.47721597925,2
BEGJP992,118,89,221,4455.49,WSWP,82122.05920410156,721.1531869228929,5148.964920759201,82122.05920410156,19297.19183731079,1
BEGJP11P,136,528,10,4034.52,WSWP,76981.11120605469,1480.3858870770782,130694.29357147215,76981.11120605469,57999.86066877281,2
BEGJP982,116,385,3,3713.3,WSWP,84352.66680908202,1347.0713760796934,83997.29400634767,84352.66680908202,89024.96659883857,2
BEGJP99P,118,150,1,3936.4,WSWP,81804.88903808594,1336.470430456102,103251.96252441406,81804.88903808594,24115.087017089125,2
BEGJP121,47,584,1,3528.36,WSWP,46682.66418457031,798.8824255320943,35919.63708496094,46682.66418457031,30801.26426026225,2
BEGJP998,111,97,2,3902.64,WSWP,56393.823486328125,1065.004639532417,107575.80078125,56393.823486328125,43075.856370892376,2
BEGJP115,48,593,15,3637.34,WSWP,48148.18249511719,341.3529105065391,11189.780121326448,48148.18249511719,7047.477642476559,2
BEGJP881,122,664,3,4014.95,WSWP,103466.3427734375,623.1542253494263,58874.70861816406,103466.3427734375,85791.67611724138,2
BEGJP581,120,433,16,3764.55,WSWP,34557.59045410156,608.4802383026108,49766.93493652344,34557.59045410156,30304.075355201963,2
BEGJP881,78,599,2,3827.23,WSWP,30169.205444335938,2237.093867577845,74561.17558860779,30169.205444335938,53975.843952938914,2
BEGJP515,97,442,3,3538.96,WSWP,32935.14813232422,219.9017833052203,745.2568734288216,32935.14813232422,19762.568614423275,2
BEGJP118,126,581,5,4065.67,WSWP,69307.56408691406,1728.3110036160795,105372.60986328124,69307.56408691406,57876.79030872883,2
BEGJP111,129,562,3,4041.41,WSWP,118120.2109375,1255.5012250700963,86975.04975748062,118120.2109375,44609.76344261345,2
BEGJP118,114,526,2,3799.6,WSWP,26972.123474121094,69.10112219338771,19177.74500083924,26972.123474121094,24867.846409461934,2
BEGJP112,85,587,1,3774.62,WSWP,21282.13806152344,717.0846291617488,15716.161690801382,21282.13806152344,4717.186596262865,2
BEGJP982,117,203,3,3916.93,WSWP,109258.83056640624,9.372081075212918,640.49951171875,109258.83056640624,100229.95628845693,2
BEGJP112,136,622,1,4113.03,WSWP,77676.1552734375,547.7350064516069,11867.962310791016,77676.1552734375,5802.534772872925,2
BEGJP92P,119,167,4,3905.89,WSWP,97651.98767089844,568.9009354934096,64317.99398422241,97651.98767089844,79526.40504525602,2
BEGJP119,134,546,11,4060.74,WSWP,81252.57067871094,1388.5401825755835,120498.01538467409,81252.57067871094,45104.188721490085,2
BEGJP182,99,511,19,3638.91,WSWP,42109.84716796875,122.42751878499985,924.1196899414062,42109.84716796875,2468.823603823781,2
BEGJP12P,95,597,3,3863.63,WSWP,18782.558166503903,0.007168964948505162,0.0380859375,18782.558166503903,143.10687771439552,0
BEGJP11P,68,587,26,3670.13,WSWP,40819.35339355469,582.5303824967705,10213.234898716211,40819.35339355469,3031.7927053628955,2
BEGJP882,117,397,4,3721.99,WSWP,52040.42205810547,1067.0252558561042,42996.892448425286,52040.42205810547,47146.37813863903,2
BEGJP839,92,632,7,3976.37,WSWP,26621.37091064453,598.6484355926514,22475.460533618927,26621.37091064453,14098.28819152154,2
BEGJP838,96,651,2,3956.01,WSWP,46675.42022705078,1422.8607755806295,53484.486806511886,46675.42022705078,26843.651738852266,2
BEGJP995,127,70,3,3868.88,WSWP,46277.07495117188,143.94147627055642,3272.5663051605225,46277.07495117188,19641.694590508934,2
BEGJP883,57,590,4,3584.39,WSWP,86611.47888183594,386.85254853055807,43661.77916431427,86611.47888183594,75634.50921260567,2
BEGJP882,77,592,1,3769.92,WSWP,53970.87219238281,1077.8762269979345,58644.8793888092,53970.87219238281,48955.96980035305,2
BEGJP85P,113,625,3,3960.98,WSWP,31839.31463623047,319.44383039744565,9284.325754404068,31839.31463623047,60834.228260765325,2
BEGJP859,107,667,7,3940.62,WSWP,65126.09521484375,525.3716726303102,16906.02076530456,65126.09521484375,246929.83907935023,1
BEGJP511,104,467,10,3625.37,WSWP,26763.549560546875,352.26603398332367,1088.1451978683474,26763.549560546875,11192.759752349462,2
BEGJP111,115,555,1,3869.14,WSWP,24132.469116210938,0.0,0.0,24132.469116210938,0.0,0
BEGJP513,54,392,5,3323.55,WSWP,35817.187438964844,512.8852235078812,15861.998634338379,35817.187438964844,44232.773092594005,2
BEGJP512,46,426,3,3239.49,WSWP,42031.38806152344,304.3291869866662,930.1614740490912,42031.38806152344,12874.182121492922,2
BEGJP18P,110,614,5,3942.19,WSWP,21065.79052734375,192.68338105268776,5543.814984560014,21065.79052734375,2629.2501402199273,2
BEGJP951,111,118,36,3933.12,WSWP,33785.58526611328,669.8058206439017,8672.954963684082,33785.58526611328,19269.323000824086,2
BEGJP91P,112,233,4,3814.32,WSWP,79049.84289550781,432.1884241551162,30711.3598613739,79049.84289550781,76504.59813733933,2
BEGJP9P2,120,102,1,3834.76,WSWP,50750.05364990234,223.20907059591264,19790.53348922729,50750.05364990234,59899.962397977724,2
BEGJP83P,129,637,9,4059.83,WSWP,66105.46337890625,1415.4527044296265,82582.23486328125,66105.46337890625,9233.506865212694,2
BEGJP888,119,641,3,3991.93,WSWP,107254.19354248047,1182.6321420669556,78323.15844249724,107254.19354248047,123863.37204699215,2
BEGJP889,94,609,5,3899.61,WSWP,23967.947204589844,210.4372838581912,964.2225128412248,23967.947204589844,33087.445112288,2
BEGJP939,95,305,7,3485.63,WSWP,37212.36126708984,1451.0602302253244,89197.13385868073,37212.36126708984,22989.42607939244,2
BEGJP931,99,316,5,3522.21,WSWP,31375.40869140625,105.01754284324123,209.37224787473681,31375.40869140625,44712.23641386628,2
BEGJP882,98,630,3,3939.55,WSWP,56476.12326049805,694.1216006278993,112689.65141105652,56476.12326049805,72384.60770368855,2
BEGJP933,106,229,3,3792.1,WSWP,88903.84606933594,223.4409359849524,13697.511456012728,88903.84606933594,89403.21107548475,2
BEGJP932,87,278,7,3504.2,WSWP,64775.238586425774,81.67466186208185,7837.110107421875,64775.238586425774,93571.98199164867,2
BEGJP92P,108,246,1,3734.45,WSWP,55599.987548828125,217.8984223362058,15851.339721679688,55599.987548828125,64193.36406621338,2
BEGJP818,103,648,4,3934.52,WSWP,73721.52703857423,929.1595687866212,37951.96230697632,73721.52703857423,59948.396414477844,2
BEGJP928,115,344,2,3708.91,WSWP,54266.19549560547,1380.9621782151514,109580.54179382324,54266.19549560547,60446.37846174091,2
BEGJP925,102,240,4,3717.52,WSWP,53831.1953125,652.3241662979126,37555.58058706672,53831.1953125,38044.93719549105,2
BEGJP921,94,292,1,3474.95,WSWP,41460.20007324219,3251.576230021193,199224.75115275386,41460.20007324219,8624.788665890695,2
BEGJP928,115,297,3,3734.57,WSWP,54342.045166015625,1011.4086395616176,54903.40060424805,54342.045166015625,44384.38286855073,2
BEGJP522,117,470,1,3772.0,WSWP,80340.599609375,1260.812437861925,83433.71362304688,80340.599609375,63116.06035542896,2
BEGJP9P3,123,87,1,3824.35,WSWP,75216.3046875,127.08293101144956,13461.828826904297,75216.3046875,51656.46521990001,2
BEGJP811,129,853,8,4061.51,WSWP,95109.96716308594,716.7213311195374,50625.99200344086,95109.96716308594,53139.39925427736,2
BEGJP813,84,608,2,3908.9,WSWP,24725.34045410156,301.9719945192337,11040.055653572084,24725.34045410156,7595.831625580789,2
BEGJP199,153,506,1,4227.49,WSWP,170217.06323242188,0.0,0.0,170217.06323242188,0.0,0
BEGJP295,108,81,221,4635.99,WSWP,94261.7392578125,0.0,0.0,94261.7392578125,0.0,0
BEGJP291,138,59,221,4658.5,WSWP,68475.73706054688,0.0,0.0,68475.73706054688,0.0,0
BEGJP21P,41,342,11,4228.58,WSWP,179343.62915039062,0.0,0.0,179343.62915039062,0.0,0
BEGJP22P,20,482,1,4206.95,WSWP,172072.60229492188,0.0,0.0,172072.60229492188,0.0,0
BEGJP929,94,269,11,3556.39,WSWP,48572.621154785156,101.70047480729409,11134.22818803787,48572.621154785156,70386.3803434372,2
BEGJP222,30,467,212,4174.09,WSWP,132127.87133789062,0.0,0.0,132127.87133789062,0.0,0
BEGJP882,83,431,235,4079.34,WSWP,94044.58532714844,0.0,0.0,94044.58532714844,0.0,0
BEGJ9P92,36,484,20,3412.07,WSWP,87510.43090820312,0.0,0.0,87510.43090820312,0.0,0
BEGJP129,94,560,5,3699.84,WSWP,24972.646728515625,399.14842034317553,888.099928855896,24972.646728515625,1797.8380284323941,2
BEGJP188,45,578,20,3501.92,WSWP,43818.59375,314.6257108245045,3033.815860629081,43818.59375,17633.674871146686,2
BEGJP181,104,518,9,3688.03,WSWP,32963.419494628906,0.0,0.0,32963.419494628906,0.0,0
BEGJP555,110,501,4,3722.4,WSWP,28402.10076904297,4.55849875882268,84.11065673828125,28402.10076904297,6696.1002309024325,2
BEGJP852,56,575,224,3972.24,WSWP,54762.24865722656,109.67998400330544,1689.9038772583008,54762.24865722656,541.5595675893128,1
BEGJP552,139,443,7,4074.32,WSWP,60638.0234375,77.53077697753906,6248.468791842461,60638.0234375,1649.789788417518,2
BEGJP553,138,459,5,4030.06,WSWP,58723.169677734375,0.0,0.0,58723.169677734375,0.0,0
BEGJP888,87,298,1,3420.47,WSWP,25774.827087402344,157.1205693644006,2514.5871124267583,25774.827087402344,30573.490394999284,2
BEGJP991,124,63,229,4485.54,WSWP,63706.7041015625,165.96835445043808,5009.7885744571695,63706.7041015625,1630.3450145944953,1
BEGJ9P91,88,301,217,4043.5,WSWP,45422.28869628906,0.0,0.0,45422.28869628906,0.0,0
BEGJP922,117,373,1,3728.03,WSWP,23779.774169921875,281.53270856151363,6586.035400390625,23779.774169921875,19972.617600202557,2
BEGJP119,66,582,22,3600.65,WSWP,36282.697509765625,534.5299190881196,25331.35577392578,36282.697509765625,8251.529384478927,2
BEGJP158,54,595,236,4203.36,WSWP,49940.84240722656,0.0,0.0,49940.84240722656,0.0,0
BEGJP51P,135,484,9,3967.17,WSWP,42032.06982421875,171.28528213500974,15389.873942375183,42032.06982421875,6008.844134166837,2
BEGJP128,95,574,3,3761.56,WSWP,17369.296447753906,76.38650294439867,1449.51469540596,17369.296447753906,6970.199586033821,2
BEGJP113,96,585,4,3817.64,WSWP,15502.275817871094,90.52639706619085,615.1937408447267,15502.275817871094,6135.517847299577,2
BEGJP183,106,526,22,3728.73,WSWP,20852.53466796875,0.0,0.0,20852.53466796875,0.0,0
BEGJP938,114,333,1,3712.13,WSWP,32804.39587402344,0.0,0.0,32804.39587402344,0.0,0
BEGJP951,118,101,237,4458.26,WSWP,50568.331298828125,11.42888243496418,404.487548828125,50568.331298828125,2177.758709937334,1
BEGJP518,137,428,16,4059.67,WSWP,59148.57055664063,0.0,0.0,59148.57055664063,0.0,0
BEGJP952,115,105,241,4479.76,WSWP,52063.76623535156,179.9552830513567,8621.542846679688,52063.76623535156,1832.129042401909,1
BEGJP182,99,542,11,3690.91,WSWP,20003.5228881836,0.0,0.0,20003.5228881836,0.0,0
BEGJP831,114,709,17,4050.87,WSWP,52183.2373046875,0.0,0.0,52183.2373046875,0.0,0
BEGJP153,100,554,243,4291.21,WSWP,44277.891845703125,0.0,0.0,44277.891845703125,0.0,0
BEGJP853,52,409,226,3885.28,WSWP,33267.77990722656,155.93245112895966,2657.1647207643837,33267.77990722656,735.6831129640341,1
BEGJPP38,92,541,220,4147.96,WSWP,42610.40197753906,0.0,0.0,42610.40197753906,0.0,0
BEGJP833,119,675,18,4016.86,WSWP,38074.4912109375,0.0,0.0,38074.4912109375,0.0,0
BEGJP851,84,506,223,4019.26,WSWP,37875.22058105469,10.83888778090477,153.1317138671875,37875.22058105469,1056.6885069012642,1
BEGJP923,95,340,5,3468.35,WSWP,18809.64459228516,0.0,0.0,18809.64459228516,0.0,0
BEGJP993,122,83,232,4471.06,WSWP,45600.57666015625,0.0,0.0,45600.57666015625,0.0,0
BEGJP292,138,86,212,4607.4,WSWP,44643.0654296875,0.0,0.0,44643.0654296875,0.0,0
BEGJP9P8,134,50,1,3995.66,WSWP,38863.07080078125,0.0,0.0,38863.07080078125,0.0,0
BEGJP991,128,142,6,3998.46,WSWP,34655.06140136719,0.0,0.0,34655.06140136719,0.0,0
BEGJP998,125,71,231,4476.1,WSWP,43857.849365234375,0.0,0.0,43857.849365234375,0.0,0
BEGJP813,72,549,232,3975.07,WSWP,36290.96362304688,0.0,0.0,36290.96362304688,0.0,0
BEGJP58P,52,432,10,3241.66,WSWP,22725.3330078125,0.0,0.0,22725.3330078125,0.0,0
BEGJP922,98,328,3,3500.26,WSWP,18131.278381347656,0.0,0.0,18131.278381347656,0.0,0
BEGJP952,126,91,236,4462.29,WSWP,41190.61767578125,0.0,0.0,41190.61767578125,0.0,0
BEGJ9P8P,131,64,212,4513.18,WSWP,41446.38916015625,0.0,0.0,41446.38916015625,0.0,0
BEGJP935,85,304,3,3391.14,WSWP,15776.916564941406,0.0,0.0,15776.916564941406,0.0,0
BEGJ9P88,124,515,9,3876.92,WSWP,22775.168823242188,0.0,0.0,22775.168823242188,0.0,0
BEGJP588,48,415,1,3255.91,WSWP,19645.064331054688,0.0,0.0,19645.064331054688,0.0,0
BEGJP885,69,322,3,3336.66,WSWP,19813.586181640625,0.0,0.0,19813.586181640625,0.0,0
BEGJP231,108,472,255,4305.77,WSWP,31336.462890625,0.0,0.0,31336.462890625,0.0,0
BEGJP182,41,540,4,3331.18,WSWP,25484.786376953125,0.0,0.0,25484.786376953125,0.0,0
BEGJP518,101,476,4,3597.35,WSWP,14395.842346191406,0.0,0.0,14395.842346191406,0.0,0
BEGJP552,44,448,6,3245.93,WSWP,25243.541870117188,0.0,0.0,25243.541870117188,0.0,0
BEGJP831,129,652,25,4054.79,WSWP,29676.44775390625,0.0,0.0,29676.44775390625,0.0,0
BEGJP838,129,708,24,4081.25,WSWP,35519.828125,0.0,0.0,35519.828125,0.0,0
BEGJ9P85,123,448,1,3799.69,WSWP,21461.486450195312,0.0,0.0,21461.486450195312,0.0,0
BEGJP81P,50,560,212,3854.44,WSWP,31118.10913085937,0.0,0.0,31118.10913085937,0.0,0
BEGJP192,109,437,241,4298.78,WSWP,24485.61633300781,0.0,0.0,24485.61633300781,0.0,0
BEGJP921,94,353,1,3460.68,WSWP,15286.942810058594,710.5539908236824,19128.1279296875,15286.942810058594,10562.92203772068,2
BEGJP12P,29,527,212,4178.74,WSWP,28948.201171875,0.0,0.0,28948.201171875,0.0,0
BEGJP51P,63,373,6,3340.21,WSWP,14746.234313964844,0.0,0.0,14746.234313964844,0.0,0
BEGJP855,78,514,212,3924.1,WSWP,28258.0458984375,0.0,0.0,28258.0458984375,0.0,0
BEGJP832,122,857,4,4069.67,WSWP,32228.5751953125,0.0,0.0,32228.5751953125,0.0,0
BEGJP811,57,503,235,3801.65,WSWP,25109.123413085938,0.0,0.0,25109.123413085938,0.0,0
BEGJP938,87,291,1,3451.3,WSWP,13921.026489257812,0.0,0.0,13921.026489257812,0.0,0
BEGJP953,114,113,254,4502.68,WSWP,32356.78662109375,0.0,0.0,32356.78662109375,0.0,0
BEGJP959,118,218,16,3925.83,WSWP,23786.919921875,0.0,0.0,23786.919921875,0.0,0
BEGJP113,132,521,65,4048.69,WSWP,17386.759887695312,0.0,0.0,17386.759887695312,0.0,0
BEGJP293,137,98,221,4620.49,WSWP,29658.50634765625,0.0,0.0,29658.50634765625,0.0,0
BEGJP112,126,593,61,4121.44,WSWP,23547.55249023437,0.0,0.0,23547.55249023437,0.0,0
BEGJP851,82,495,238,4027.06,WSWP,24154.77319335937,0.0,0.0,24154.77319335937,0.0,0
BEGJP13P,128,554,45,4054.95,WSWP,16892.40185546875,0.0,0.0,16892.40185546875,0.0,0
BEGJP181,111,450,235,4308.14,WSWP,21416.811401367188,0.0,0.0,21416.811401367188,0.0,0
BEGJP152,105,511,218,4236.04,WSWP,22357.091064453125,0.0,0.0,22357.091064453125,0.0,0
BEGJP298,113,57,212,4615.48,WSWP,27715.8671875,0.0,0.0,27715.8671875,0.0,0
BEGJP151,109,386,246,4292.63,WSWP,19512.389404296875,0.0,0.0,19512.389404296875,0.0,0
BEGJP519,93,393,15,3469.91,WSWP,10030.26690673828,0.0,0.0,10030.26690673828,0.0,0
BEGJP229,34,391,6,4243.14,WSWP,31759.80419921875,0.0,0.0,31759.80419921875,0.0,0
BEGJP111,131,512,56,3998.09,WSWP,13626.32421875,0.0,0.0,13626.32421875,0.0,0
BEGJP82P,119,838,1,4050.63,WSWP,24968.348510742188,0.0,0.0,24968.348510742188,0.0,0
BEGJP832,122,807,11,4052.58,WSWP,25291.13671875,0.0,0.0,25291.13671875,0.0,0
BEGJP881,100,281,1,3564.92,WSWP,12315.202575683594,0.0,0.0,12315.202575683594,0.0,0
BEGJP112,129,537,66,4061.3,WSWP,20456.843872070312,0.0,0.0,20456.843872070312,0.0,0
BEGJP152,31,554,224,4221.9,WSWP,21577.57470703125,0.0,0.0,21577.57470703125,0.0,0
BEGJP138,129,619,50,4119.65,WSWP,18326.43505859375,0.0,0.0,18326.43505859375,0.0,0
BEGJP835,130,770,3,4097.73,WSWP,22647.988525390625,0.0,0.0,22647.988525390625,0.0,0
BEGJP551,43,480,1,3280.18,WSWP,12801.40576171875,0.0,0.0,12801.40576171875,0.0,0
BEGJP139,122,577,33,4056.0,WSWP,11425.666625976562,0.0,0.0,11425.666625976562,0.0,0
BEGJP11P,132,419,63,4016.57,WSWP,19391.282836914066,0.0,0.0,19391.282836914066,0.0,0
BEGJP825,133,834,1,4068.74,WSWP,22115.982666015625,0.0,0.0,22115.982666015625,0.0,0
BEGJP128,40,554,27,3407.08,WSWP,11288.516479492188,0.0,0.0,11288.516479492188,0.0,0
BEGJP889,84,481,212,4008.03,WSWP,15322.634521484375,0.0,0.0,15322.634521484375,0.0,0
BEGJP135,131,501,1,3924.15,WSWP,10960.679931640623,0.0,0.0,10960.679931640623,0.0,0
BEGJP955,130,58,1,3926.42,WSWP,13589.923950195312,0.0,0.0,13589.923950195312,0.0,0
BEGJP512,95,495,1,3559.56,WSWP,9303.346435546877,0.0,0.0,9303.346435546877,0.0,0
BEGJP118,132,445,57,3990.57,WSWP,13126.019165039062,0.0,0.0,13126.019165039062,0.0,0
BEGJP852,60,461,217,3842.95,WSWP,10807.919555664062,0.0,0.0,10807.919555664062,0.0,0
BEGJP118,55,577,1,3446.58,WSWP,9957.942993164062,0.0,0.0,9957.942993164062,0.0,0
BEGJP852,78,445,223,3999.94,WSWP,10622.625732421877,0.0,0.0,10622.625732421877,0.0,0
BEGJP883,60,347,1,3398.0,WSWP,8998.370849609375,0.0,0.0,8998.370849609375,0.0,0
BEGJP882,93,380,2,3456.52,WSWP,5474.623657226562,0.0,0.0,5474.623657226562,0.0,0
BEGJP82P,86,323,1,3372.51,WSWP,3605.0957641601562,0.0,0.0,3605.0957641601562,0.0,0
BEGJP213,138,252,30,4198.62,WSWP,9985.737060546877,0.0,0.0,9985.737060546877,0.0,0
BEGJP119,133,434,42,4014.96,WSWP,6623.8106689453125,0.0,0.0,6623.8106689453125,0.0,0
BEGJP115,134,457,65,4037.0,WSWP,6273.4578857421875,0.0,0.0,6273.4578857421875,0.0,0
BEGJP118,132,485,35,3965.56,WSWP,5115.239501953125,0.0,0.0,5115.239501953125,0.0,0
BEGJP291,107,119,237,4588.37,WSWP,8476.86669921875,0.0,0.0,8476.86669921875,0.0,0
BEGJP825,94,365,3,3468.53,WSWP,6090.0787353515625,0.0,0.0,6090.0787353515625,0.0,0
BEGJP131,127,606,64,4137.72,WSWP,8317.999145507812,0.0,0.0,8317.999145507812,0.0,0
BEGJ9P92,59,553,212,3861.29,WSWP,7156.5416259765625,0.0,0.0,7156.5416259765625,0.0,0
BEGJ9P81,110,579,1,3895.6,WSWP,3856.6351318359375,0.0,0.0,3856.6351318359375,0.0,0
BEGJ9P88,51,341,1,3642.39,WSWP,7970.2274169921875,0.0,0.0,7970.2274169921875,0.0,0
BEGJ9P83,121,157,1,3933.43,WSWP,6921.0244140625,0.0,0.0,6921.0244140625,0.0,0
BEGJP931,84,313,1,3370.45,WSWP,3517.64599609375,0.0,0.0,3517.64599609375,0.0,0
BEGJP882,63,367,1,3356.66,WSWP,4041.8014526367188,0.0,0.0,4041.8014526367188,0.0,0
BEGJ9P81,120,480,1,3798.85,WSWP,4078.514526367188,0.0,0.0,4078.514526367188,0.0,0
BEGJP122,53,561,1,3349.18,WSWP,4399.301025390625,0.0,0.0,4399.301025390625,0.0,0
BEGJP858,74,530,240,3920.85,WSWP,7033.1737060546875,0.0,0.0,7033.1737060546875,0.0,0
BEGJP858,82,467,219,4007.33,WSWP,6605.4576416015625,0.0,0.0,6605.4576416015625,0.0,0
BEGJP851,74,401,266,3989.73,WSWP,4941.66455078125,0.0,0.0,4941.66455078125,0.0,0
BEGJP881,54,435,231,3857.4,WSWP,6360.7330322265625,0.0,0.0,6360.7330322265625,0.0,0
BEGJP828,116,728,1,4045.5,WSWP,8363.29150390625,0.0,0.0,8363.29150390625,0.0,0
BEGJP292,106,95,222,4613.44,WSWP,8411.18896484375,0.0,0.0,8411.18896484375,0.0,0
BEGJP259,124,45,217,4552.03,WSWP,8817.326416015625,0.0,0.0,8817.326416015625,0.0,0
BEGJP189,109,492,228,4296.9,WSWP,7020.27587890625,0.0,0.0,7020.27587890625,0.0,0
BEGJP128,46,390,214,4217.98,WSWP,7414.6478271484375,0.0,0.0,7414.6478271484375,0.0,0
BEGJP132,154,689,1,4213.21,WSWP,8818.921630859375,0.0,0.0,8818.921630859375,0.0,0
BEGJP129,98,723,1,4255.38,WSWP,9140.197509765623,0.0,0.0,9140.197509765623,0.0,0
BEGJP125,39,519,1,3329.26,WSWP,5728.2236328125,0.0,0.0,5728.2236328125,0.0,0
